dataset_id,window,sensor_scope,comparison_feature_set,baseline_feature_set,candidate_feature_set,is_optical_proxy_feature_set,candidate_model_id,validation_scheme,same_sample_n,baseline_n_folds,candidate_n_folds,baseline_rmse,candidate_rmse,rmse_reduction,baseline_mae,candidate_mae,mae_reduction,baseline_r2,candidate_r2,r2_gain,baseline_bias_mean,candidate_bias_mean,bias_change_abs,underpowered,severe_fold_loss,secondary_rmse_reduction,secondary_mae_reduction,classification,classification_rank,comparison,primary_ranking_scope,selection_basis,ranking_score,rank
any_sensor_3d,3d,any_sensor,O1_quality_only,B0_F3_same_subset,O1_quality_only,False,ridge_alpha_1,leave_one_year_out,374,20,20,2.3447584724448287,2.3353801770275493,0.009378295417279414,1.7432288388616366,1.7277687261896315,0.015460112672005089,0.5995434315027897,0.6027404255101532,0.0031969940073635073,0.00287099674370163,-0.0054341388201072155,0.0025631420764055854,False,False,0.007098445799331721,0.021700248165342773,optical_marginal,2,candidate_minus_B0_F3_same_subset,True,any_sensor_3d_leave_one_year_out_against_B0_F3_same_subset,1.9999062170458273,1
any_sensor_3d,3d,any_sensor,O1_quality_only,B0_F3_same_subset,O1_quality_only,False,ridge_alpha_0.1,leave_one_year_out,374,20,20,2.3447584724448287,2.3356949759899743,0.00906349645485438,1.7432288388616366,1.7315174478163693,0.011711391045267305,0.5995434315027897,0.6026333206099292,0.0030898891071395873,0.00287099674370163,-0.0057251430270453966,0.0028541462833437665,False,False,0.005396963024770329,0.017002390749305096,optical_marginal,2,candidate_minus_B0_F3_same_subset,True,any_sensor_3d_leave_one_year_out_against_B0_F3_same_subset,1.9999093650354514,2
any_sensor_3d,3d,any_sensor,O1_quality_only,B0_F3_same_subset,O1_quality_only,False,linear_regression,leave_one_year_out,374,20,20,2.3447584724448287,2.335767486776677,0.008990985668151819,1.7432288388616366,1.731957112328425,0.011271726533211623,0.5995434315027897,0.6026086480237582,0.0030652165209685833,0.00287099674370163,-0.0057580886401414795,0.0028870918964398495,False,False,0.00514566913853054,0.016353602011154544,optical_marginal,2,candidate_minus_B0_F3_same_subset,True,any_sensor_3d_leave_one_year_out_against_B0_F3_same_subset,1.9999100901433184,3
any_sensor_3d,3d,any_sensor,O1_quality_only,B0_F3_same_subset,O1_quality_only,False,ridge_alpha_10,leave_one_year_out,374,20,20,2.3447584724448287,2.3527516283827286,-0.007993155937899843,1.7432288388616366,1.733981434649643,0.00924740421199366,0.5995434315027897,0.5968085078811032,-0.0027349236216864803,0.00287099674370163,-0.0029992563822119943,0.0001282596385103643,False,False,-0.008117275066296337,0.01855768284806758,optical_marginal,2,candidate_minus_B0_F3_same_subset,True,any_sensor_3d_leave_one_year_out_against_B0_F3_same_subset,2.000079931559379,4
any_sensor_3d,3d,any_sensor,O3_bands,B0_F3_same_subset,O3_bands,True,ridge_alpha_1,leave_one_year_out,152,18,18,2.2381141894816756,2.292036660326718,-0.053922470845042536,1.6179563167122233,1.6460024034500085,-0.028046086737785192,0.6831943567416476,0.6677449831254257,-0.015449373616221895,0.0004359482923822296,0.011451169645906601,0.011015221353524372,False,False,-0.11194913927923311,-0.10131268393689474,optical_worse_than_baseline,4,candidate_minus_B0_F3_same_subset,True,any_sensor_3d_leave_one_year_out_against_B0_F3_same_subset,4.000539224708451,5
any_sensor_3d,3d,any_sensor,O2_indices,B0_F3_same_subset,O2_indices,True,ridge_alpha_1,leave_one_year_out,152,18,18,2.2381141894816756,2.297038266728249,-0.058924077246573336,1.6179563167122233,1.649852334942579,-0.031896018230355816,0.6831943567416476,0.666293329214135,-0.016901027527512658,0.0004359482923822296,-0.007963413356505106,0.007527465064122876,False,False,-0.06085275273752755,-0.03549953355050506,optical_worse_than_baseline,4,candidate_minus_B0_F3_same_subset,True,any_sensor_3d_leave_one_year_out_against_B0_F3_same_subset,4.000589240772466,6
any_sensor_3d,3d,any_sensor,O2_indices,B0_F3_same_subset,O2_indices,True,ridge_alpha_0.1,leave_one_year_out,152,18,18,2.2381141894816756,2.3014982267639796,-0.06338403728230402,1.6179563167122233,1.6565661290650457,-0.03860981235282246,0.6831943567416476,0.6649962125693225,-0.018198144172325126,0.0004359482923822296,-0.008389192241587492,0.007953243949205262,False,False,-0.06447860255893412,-0.04373324449041838,optical_worse_than_baseline,4,candidate_minus_B0_F3_same_subset,True,any_sensor_3d_leave_one_year_out_against_B0_F3_same_subset,4.000633840372823,7
any_sensor_3d,3d,any_sensor,O2_indices,B0_F3_same_subset,O2_indices,True,linear_regression,leave_one_year_out,152,18,18,2.2381141894816756,2.302418637729214,-0.06430444824753856,1.6179563167122233,1.65770851289398,-0.03975219618175663,0.6831943567416476,0.6647282107856353,-0.01846614595601237,0.0004359482923822296,-0.008424398133173644,0.007988449840791414,False,False,-0.0653876878226507,-0.0450270952694416,optical_worse_than_baseline,4,candidate_minus_B0_F3_same_subset,True,any_sensor_3d_leave_one_year_out_against_B0_F3_same_subset,4.000643044482476,8
any_sensor_3d,3d,any_sensor,O3_bands,B0_F3_same_subset,O3_bands,True,ridge_alpha_10,leave_one_year_out,152,18,18,2.2381141894816756,2.332169282614032,-0.0940550931323565,1.6179563167122233,1.7265530657390684,-0.10859674902684513,0.6831943567416476,0.656007820203214,-0.027186536538433614,0.0004359482923822296,0.007569376534158169,0.007133428241775939,False,False,-0.1623388133498973,-0.18893714216557456,optical_worse_than_baseline,4,candidate_minus_B0_F3_same_subset,True,any_sensor_3d_leave_one_year_out_against_B0_F3_same_subset,4.000940550931324,9
any_sensor_3d,3d,any_sensor,O4_bands_indices,B0_F3_same_subset,O4_bands_indices,True,ridge_alpha_1,leave_one_year_out,152,18,18,2.2381141894816756,2.3451525827147672,-0.10703839323309161,1.6179563167122233,1.6776010911790165,-0.05964477446679317,0.6831943567416476,0.6521671167142356,-0.031027240027412084,0.0004359482923822296,0.005653947294652681,0.005217999002270451,False,False,-0.17195296678510896,-0.12830380034069777,optical_worse_than_baseline,4,candidate_minus_B0_F3_same_subset,True,any_sensor_3d_leave_one_year_out_against_B0_F3_same_subset,4.001070383932331,10
any_sensor_3d,3d,any_sensor,O2_indices,B0_F3_same_subset,O2_indices,True,ridge_alpha_10,leave_one_year_out,152,18,18,2.2381141894816756,2.35317946524756,-0.11506527576588432,1.6179563167122233,1.704124422980922,-0.08616810626869875,0.6831943567416476,0.6497819483417442,-0.03341240839990345,0.0004359482923822296,-0.002704373095580313,0.0022684248031980834,False,False,-0.141751693412552,-0.12891416139222778,optical_worse_than_baseline,4,candidate_minus_B0_F3_same_subset,True,any_sensor_3d_leave_one_year_out_against_B0_F3_same_subset,4.001150652757659,11
any_sensor_3d,3d,any_sensor,O3_bands,B0_F3_same_subset,O3_bands,True,ridge_alpha_0.1,leave_one_year_out,152,18,18,2.2381141894816756,2.3537097522090638,-0.11559556272738813,1.6179563167122233,1.6765058842379463,-0.058549567525723045,0.6831943567416476,0.6496240878855417,-0.03357026885610592,0.0004359482923822296,0.03067138128396215,0.030235432991579922,False,False,-0.20990375703114195,-0.1742756044643441,optical_worse_than_baseline,4,candidate_minus_B0_F3_same_subset,True,any_sensor_3d_leave_one_year_out_against_B0_F3_same_subset,4.001155955627274,12
any_sensor_3d,3d,any_sensor,O5_sensor_aware_any_sensor,B0_F3_same_subset,O5_sensor_aware_any_sensor,True,ridge_alpha_1,leave_one_year_out,152,18,18,2.2381141894816756,2.3542765697321424,-0.11616238025046677,1.6179563167122233,1.717771882844877,-0.09981556613265363,0.6831943567416476,0.6494553133629613,-0.033739043378686384,0.0004359482923822296,-0.0157965329646369,0.01536058467225467,False,False,-0.23230985737749732,-0.21381167633496223,optical_worse_than_baseline,4,candidate_minus_B0_F3_same_subset,True,any_sensor_3d_leave_one_year_out_against_B0_F3_same_subset,4.0011616238025045,13
any_sensor_3d,3d,any_sensor,O4_bands_indices,B0_F3_same_subset,O4_bands_indices,True,ridge_alpha_10,leave_one_year_out,152,18,18,2.2381141894816756,2.3581338467329704,-0.12001965725129482,1.6179563167122233,1.705659354775922,-0.08770303806369872,0.6831943567416476,0.6483056985188731,-0.03488865822277454,0.0004359482923822296,-0.0060874185502346615,0.005651470257852432,False,False,-0.19454523214429642,-0.1833772015002919,optical_worse_than_baseline,4,candidate_minus_B0_F3_same_subset,True,any_sensor_3d_leave_one_year_out_against_B0_F3_same_subset,4.001200196572513,14
any_sensor_3d,3d,any_sensor,O5_sensor_aware_any_sensor,B0_F3_same_subset,O5_sensor_aware_any_sensor,True,ridge_alpha_10,leave_one_year_out,152,18,18,2.2381141894816756,2.38064109822966,-0.14252690874798457,1.6179563167122233,1.7488212502821845,-0.1308649335699612,0.6831943567416476,0.6415601545857164,-0.04163420215593128,0.0004359482923822296,-0.017116146707094253,0.016680198414712025,False,False,-0.2221049792718559,-0.20362163389592935,optical_worse_than_baseline,4,candidate_minus_B0_F3_same_subset,True,any_sensor_3d_leave_one_year_out_against_B0_F3_same_subset,4.00142526908748,15
any_sensor_3d,3d,any_sensor,O3_bands,B0_F3_same_subset,O3_bands,True,linear_regression,leave_one_year_out,152,18,18,2.2381141894816756,2.385299136311162,-0.14718494682948657,1.6179563167122233,1.694780014973328,-0.0768236982611048,0.6831943567416476,0.6401561127305919,-0.043038244011055715,0.0004359482923822296,0.04220712124191509,0.041771172949532864,False,False,-0.29790299347516713,-0.2344134551611743,optical_worse_than_baseline,4,candidate_minus_B0_F3_same_subset,True,any_sensor_3d_leave_one_year_out_against_B0_F3_same_subset,4.001471849468295,16
any_sensor_3d,3d,any_sensor,O5_sensor_aware_any_sensor,B0_F3_same_subset,O5_sensor_aware_any_sensor,True,ridge_alpha_0.1,leave_one_year_out,152,18,18,2.2381141894816756,2.412591668224154,-0.17447747874247854,1.6179563167122233,1.7679572567891095,-0.15000094007688625,0.6831943567416476,0.6318743532372402,-0.05132000350440746,0.0004359482923822296,-0.002270018303791552,0.0018340700114093226,False,False,-0.3570240061095924,-0.32100309346301903,optical_worse_than_baseline,4,candidate_minus_B0_F3_same_subset,True,any_sensor_3d_leave_one_year_out_against_B0_F3_same_subset,4.001744774787425,17
any_sensor_3d,3d,any_sensor,O4_bands_indices,B0_F3_same_subset,O4_bands_indices,True,ridge_alpha_0.1,leave_one_year_out,152,18,18,2.2381141894816756,2.4370018213427547,-0.19888763186107905,1.6179563167122233,1.736264118203173,-0.11830780149094977,0.6831943567416476,0.624387414707484,-0.05880694203416359,0.0004359482923822296,0.03587766450929189,0.03544171621690966,False,False,-0.3046933785371726,-0.23336938808141916,optical_worse_than_baseline,4,candidate_minus_B0_F3_same_subset,True,any_sensor_3d_leave_one_year_out_against_B0_F3_same_subset,4.0019888763186104,18
any_sensor_3d,3d,any_sensor,O5_sensor_aware_any_sensor,B0_F3_same_subset,O5_sensor_aware_any_sensor,True,linear_regression,leave_one_year_out,152,18,18,2.2381141894816756,2.4562560953524004,-0.2181419058707248,1.6179563167122233,1.7992507649260934,-0.18129444821387009,0.6831943567416476,0.6184286850372762,-0.06476567170437142,0.0004359482923822296,0.01471425186052017,0.01427830356813794,False,False,-0.5163510176331272,-0.4185833480046586,optical_worse_than_baseline,4,candidate_minus_B0_F3_same_subset,True,any_sensor_3d_leave_one_year_out_against_B0_F3_same_subset,4.002181419058707,19
any_sensor_3d,3d,any_sensor,O4_bands_indices,B0_F3_same_subset,O4_bands_indices,True,linear_regression,leave_one_year_out,152,18,18,2.2381141894816756,2.4931010096121975,-0.2549868201305219,1.6179563167122233,1.7676495786614006,-0.14969326194917731,0.6831943567416476,0.6068953537215589,-0.07629900302008874,0.0004359482923822296,0.05785973392045328,0.05742378562807105,False,False,-0.4709564875011485,-0.3437736239274971,optical_worse_than_baseline,4,candidate_minus_B0_F3_same_subset,True,any_sensor_3d_leave_one_year_out_against_B0_F3_same_subset,4.002549868201306,20
any_sensor_3d,3d,any_sensor,O1_quality_only,B0_F3_same_subset,O1_quality_only,False,ridge_alpha_100,leave_one_year_out,374,20,20,2.3447584724448287,2.640443915605202,-0.2956854431603735,1.7432288388616366,1.974790176298223,-0.23156133743658636,0.5995434315027897,0.49217615601433395,-0.1073672754884557,0.00287099674370163,0.003974595358157266,0.001103598614455636,False,False,-0.31813217923710324,-0.2406459858329386,optical_worse_than_baseline,4,candidate_minus_B0_F3_same_subset,True,any_sensor_3d_leave_one_year_out_against_B0_F3_same_subset,4.002956854431604,21
any_sensor_3d,3d,any_sensor,O2_indices,B0_F3_same_subset,O2_indices,True,ridge_alpha_100,leave_one_year_out,152,18,18,2.2381141894816756,2.8598752486006247,-0.6217610591189491,1.6179563167122233,2.1910165241840955,-0.5730602074718723,0.6831943567416476,0.48272367011086115,-0.2004706866307865,0.0004359482923822296,0.00377914019381168,0.0033431919014294503,False,False,-0.7643041623281297,-0.7007538213306537,optical_worse_than_baseline,4,candidate_minus_B0_F3_same_subset,True,any_sensor_3d_leave_one_year_out_against_B0_F3_same_subset,4.0062176105911895,22
any_sensor_3d,3d,any_sensor,O4_bands_indices,B0_F3_same_subset,O4_bands_indices,True,ridge_alpha_100,leave_one_year_out,152,18,18,2.2381141894816756,2.8767950338741026,-0.638680844392427,1.6179563167122233,2.2197823003313975,-0.6018259836191742,0.6831943567416476,0.47658487463594845,-0.20660948210569918,0.0004359482923822296,0.002816380391415336,0.0023804320990331064,False,False,-0.7964458056027768,-0.7458298468422699,optical_worse_than_baseline,4,candidate_minus_B0_F3_same_subset,True,any_sensor_3d_leave_one_year_out_against_B0_F3_same_subset,4.006386808443924,23
any_sensor_3d,3d,any_sensor,O5_sensor_aware_any_sensor,B0_F3_same_subset,O5_sensor_aware_any_sensor,True,ridge_alpha_100,leave_one_year_out,152,18,18,2.2381141894816756,2.8999402137642987,-0.661826024282623,1.6179563167122233,2.2437838967516797,-0.6258275800394564,0.6831943567416476,0.4681287485037381,-0.21506560823790954,0.0004359482923822296,-0.00966350677469246,0.00922755848231023,False,False,-0.8088964838242045,-0.751066262056993,optical_worse_than_baseline,4,candidate_minus_B0_F3_same_subset,True,any_sensor_3d_leave_one_year_out_against_B0_F3_same_subset,4.006618260242826,24
any_sensor_3d,3d,any_sensor,O3_bands,B0_F3_same_subset,O3_bands,True,ridge_alpha_100,leave_one_year_out,152,18,18,2.2381141894816756,2.9235126386612076,-0.685398449179532,1.6179563167122233,2.2946339282205446,-0.6766776115083213,0.6831943567416476,0.45944687902969017,-0.22374747771195747,0.0004359482923822296,0.011036294951649357,0.010600346659267127,False,False,-0.8220250739193924,-0.8091697608387725,optical_worse_than_baseline,4,candidate_minus_B0_F3_same_subset,True,any_sensor_3d_leave_one_year_out_against_B0_F3_same_subset,4.006853984491795,25
any_sensor_0d,0d,any_sensor,O1_quality_only,B0_F3_same_subset,O1_quality_only,False,ridge_alpha_1,leave_one_year_out,188,18,18,2.3634854886754675,2.2735651387163807,0.08992034995908682,1.7163647242293743,1.7006717171221128,0.015693007107261403,0.5296926487012825,0.5647981931501587,0.03510554444887615,0.011128397025863074,0.008264080442871241,-0.0028643165829918323,False,False,0.07154698929526448,-0.007536069323298644,optical_marginal,2,candidate_minus_B0_F3_same_subset,False,secondary_window_or_sensor_sensitivity,1.999100796500409,26
any_sensor_0d,0d,any_sensor,O1_quality_only,B0_F3_same_subset,O1_quality_only,False,ridge_alpha_0.1,leave_one_year_out,188,18,18,2.3634854886754675,2.2764543718115644,0.08703111686390308,1.7163647242293743,1.7085146958727024,0.007850028356671812,0.5296926487012825,0.5636913865846468,0.03399873788336427,0.011128397025863074,0.00841341713515872,-0.0027149798907043533,False,False,0.06882334095734866,-0.01750550425906794,optical_marginal,2,candidate_minus_B0_F3_same_subset,False,secondary_window_or_sensor_sensitivity,1.999129688831361,27
any_sensor_0d,0d,any_sensor,O1_quality_only,B0_F3_same_subset,O1_quality_only,False,linear_regression,leave_one_year_out,188,18,18,2.3634854886754675,2.2769562757599937,0.08652921291547377,1.7163647242293743,1.7094686098816487,0.006896114347725524,0.5296926487012825,0.5634989740689312,0.033806325367648715,0.011128397025863074,0.008434950508002718,-0.0026934465178603557,False,False,0.06829253826712867,-0.01891882765361874,optical_marginal,2,candidate_minus_B0_F3_same_subset,False,secondary_window_or_sensor_sensitivity,1.9991347078708452,28
any_sensor_0d,0d,any_sensor,O1_quality_only,B0_F3_same_subset,O1_quality_only,False,ridge_alpha_10,leave_one_year_out,188,18,18,2.3634854886754675,2.3120863657968376,0.05139912287862991,1.7163647242293743,1.713794460047542,0.0025702641818321492,0.5296926487012825,0.5499259305076589,0.020233281806376402,0.011128397025863074,0.007880445386370089,-0.0032479516394929853,False,False,0.019377986486959653,-0.018970496540671178,optical_marginal,2,candidate_minus_B0_F3_same_subset,False,secondary_window_or_sensor_sensitivity,1.9994860087712136,29
any_sensor_1d,1d,any_sensor,O1_quality_only,B0_F3_same_subset,O1_quality_only,False,ridge_alpha_1,leave_one_year_out,297,18,18,2.370111148349822,2.3407960487187385,0.029315099631083363,1.745991439304445,1.7115281732940577,0.034463266010387184,0.5787545569141415,0.58911059676761,0.010356039853468557,0.0018272671991080996,-0.004371862245440668,0.002544595046332568,False,False,0.046820708840192626,0.036392941370295695,optical_marginal,2,candidate_minus_B0_F3_same_subset,False,secondary_window_or_sensor_sensitivity,1.9997068490036891,30
any_sensor_1d,1d,any_sensor,O1_quality_only,B0_F3_same_subset,O1_quality_only,False,ridge_alpha_0.1,leave_one_year_out,297,18,18,2.370111148349822,2.3416150072210615,0.02849614112876031,1.745991439304445,1.7169327578817362,0.029058681422708732,0.5787545569141415,0.5888230362727891,0.01006847935864763,0.0018272671991080996,-0.004819192526161034,0.0029919253270529345,False,False,0.0460185601418055,0.0314128011235657,optical_marginal,2,candidate_minus_B0_F3_same_subset,False,secondary_window_or_sensor_sensitivity,1.9997150385887124,31
any_sensor_1d,1d,any_sensor,O1_quality_only,B0_F3_same_subset,O1_quality_only,False,linear_regression,leave_one_year_out,297,18,18,2.370111148349822,2.3417648715571553,0.028346276792666547,1.745991439304445,1.717575888256047,0.02841555104839788,0.5787545569141415,0.5887704035945962,0.010015846680454743,0.0018272671991080996,-0.004869917402867553,0.003042650203759454,False,False,0.04584052703746888,0.030754593221114623,optical_marginal,2,candidate_minus_B0_F3_same_subset,False,secondary_window_or_sensor_sensitivity,1.9997165372320733,32
hls_3d,3d,hls,O1_quality_only,B0_F3_same_subset,O1_quality_only,False,ridge_alpha_1,leave_one_year_out,144,9,9,2.0151169919865994,2.0072372953712234,0.00787969661537602,1.4935761635294567,1.4858472550595632,0.007728908469893492,0.4767210653910119,0.4808054115134336,0.0040843461224217,0.012970390667598246,0.006748676541039981,-0.0062217141265582645,False,False,0.01286118375424028,0.01583585723488823,optical_marginal,2,candidate_minus_B0_F3_same_subset,False,secondary_window_or_sensor_sensitivity,1.9999212030338462,33
any_sensor_1d,1d,any_sensor,O1_quality_only,B0_F3_same_subset,O1_quality_only,False,ridge_alpha_10,leave_one_year_out,297,18,18,2.370111148349822,2.3627913625993955,0.007319785750426355,1.745991439304445,1.7114504594949014,0.034540979809543515,0.5787545569141415,0.5813524646194073,0.0025979077052658006,0.0018272671991080996,-0.0008074516675114901,-0.0010198155315966095,False,False,0.013786635068180786,0.027261485767385185,optical_marginal,2,candidate_minus_B0_F3_same_subset,False,secondary_window_or_sensor_sensitivity,1.9999268021424956,34
any_sensor_7d,7d,any_sensor,O1_quality_only,B0_F3_same_subset,O1_quality_only,False,ridge_alpha_1,leave_one_year_out,420,20,20,2.34449918257329,2.341291015948872,0.0032081666244181406,1.763050043011407,1.7551748273503134,0.007875215661093726,0.6045195518930306,0.6056011467219926,0.0010815948289619737,0.007856300920202586,-0.002764864824602897,-0.005091436095599689,False,False,-0.013352676203501446,-0.0028951407784563177,optical_marginal,2,candidate_minus_B0_F3_same_subset,False,secondary_window_or_sensor_sensitivity,1.9999679183337558,35
any_sensor_7d,7d,any_sensor,O1_quality_only,B0_F3_same_subset,O1_quality_only,False,ridge_alpha_0.1,leave_one_year_out,420,20,20,2.34449918257329,2.341361300059048,0.003137882514242296,1.763050043011407,1.7569945221409855,0.006055520870421605,0.6045195518930306,0.6055774671466332,0.0010579152536025482,0.007856300920202586,-0.003146549842643314,-0.004709751077559272,False,False,-0.013660949549751056,-0.0047477589945015275,optical_marginal,2,candidate_minus_B0_F3_same_subset,False,secondary_window_or_sensor_sensitivity,1.9999686211748575,36
any_sensor_7d,7d,any_sensor,O1_quality_only,B0_F3_same_subset,O1_quality_only,False,linear_regression,leave_one_year_out,420,20,20,2.34449918257329,2.3413971814602585,0.003102001113031605,1.763050043011407,1.7572623062070445,0.00578773680436262,0.6045195518930306,0.6055653779901322,0.0010458260971015765,0.007856300920202586,-0.0031899896839715216,-0.0046663112362310645,False,False,-0.013734980007277464,-0.0050038261011682295,optical_marginal,2,candidate_minus_B0_F3_same_subset,False,secondary_window_or_sensor_sensitivity,1.9999689799888696,37
hls_3d,3d,hls,O1_quality_only,B0_F3_same_subset,O1_quality_only,False,ridge_alpha_0.1,leave_one_year_out,144,9,9,2.0151169919865994,2.0126562853932217,0.002460706593377715,1.4935761635294567,1.4846037713902818,0.00897239213917489,0.4767210653910119,0.47799826145305735,0.0012771960620454603,0.012970390667598246,0.0054764633588337336,-0.007493927308764512,False,False,0.0007792337914360736,0.0033712383035831017,optical_marginal,2,candidate_minus_B0_F3_same_subset,False,secondary_window_or_sensor_sensitivity,1.9999753929340662,38
hls_3d,3d,hls,O1_quality_only,B0_F3_same_subset,O1_quality_only,False,linear_regression,leave_one_year_out,144,9,9,2.0151169919865994,2.0135139189083295,0.001603073078269901,1.4935761635294567,1.4846718272965558,0.008904336232900878,0.4767210653910119,0.4775532956899139,0.0008322302989020036,0.012970390667598246,0.005330708676795032,-0.0076396819908032135,False,False,-0.0013613218522352533,0.0015504951464480055,optical_marginal,2,candidate_minus_B0_F3_same_subset,False,secondary_window_or_sensor_sensitivity,1.9999839692692174,39
any_sensor_0d,0d,any_sensor,O2_indices,B0_F3_same_subset,O2_indices,True,ridge_alpha_1,leave_one_year_out,76,14,14,2.17759778043745,2.176745466464749,0.0008523139727008022,1.5657523056902265,1.595105651097805,-0.0293533454075785,0.7183303311559159,0.7185507795918789,0.00022044843596291663,0.05147850333818258,0.06317044558476514,0.011691942246582564,False,False,-0.1349703502103221,-0.12271477872641112,optical_marginal,2,candidate_minus_B0_F3_same_subset,False,secondary_window_or_sensor_sensitivity,1.999991476860273,40
any_sensor_7d,7d,any_sensor,O1_quality_only,B0_F3_same_subset,O1_quality_only,False,ridge_alpha_10,leave_one_year_out,420,20,20,2.34449918257329,2.3566309799789975,-0.012131797405707356,1.763050043011407,1.7657623260260062,-0.0027122830145991372,0.6045195518930306,0.6004160723624821,-0.0041034795305485705,0.007856300920202586,0.0003363048980872138,-0.007519996022115372,False,False,-0.03165124917946294,-0.016377242527990443,optical_no_improvement,3,candidate_minus_B0_F3_same_subset,False,secondary_window_or_sensor_sensitivity,3.000121317974057,41
hls_3d,3d,hls,O1_quality_only,B0_F3_same_subset,O1_quality_only,False,ridge_alpha_10,leave_one_year_out,144,9,9,2.0151169919865994,2.0319266426018645,-0.01680965061526507,1.4935761635294567,1.5256371388000045,-0.03206097527054785,0.4767210653910119,0.4679545036578927,-0.008766561733119183,0.012970390667598246,0.015051601904815371,0.0020812112372171256,False,False,-0.048763553710574836,-0.006799243108182029,optical_no_improvement,3,candidate_minus_B0_F3_same_subset,False,secondary_window_or_sensor_sensitivity,3.000168096506153,42
any_sensor_0d,0d,any_sensor,O2_indices,B0_F3_same_subset,O2_indices,True,ridge_alpha_0.1,leave_one_year_out,76,14,14,2.17759778043745,2.1956938858288035,-0.018096105391353756,1.5657523056902265,1.6240558154455067,-0.0583035097552802,0.7183303311559159,0.7136294603866052,-0.004700870769310694,0.05147850333818258,0.06961623058030787,0.01813772724212529,False,False,-0.1324850736715204,-0.1296597470138079,optical_no_improvement,3,candidate_minus_B0_F3_same_subset,False,secondary_window_or_sensor_sensitivity,3.0001809610539136,43
any_sensor_0d,0d,any_sensor,O2_indices,B0_F3_same_subset,O2_indices,True,linear_regression,leave_one_year_out,76,14,14,2.17759778043745,2.2003586882025177,-0.022760907765067895,1.5657523056902265,1.6308029199285847,-0.06505061423835823,0.7183303311559159,0.7124113661737561,-0.0059189649821598245,0.05147850333818258,0.07064019906965413,0.01916169573147155,False,False,-0.1343700669859289,-0.1354497632748224,optical_no_improvement,3,candidate_minus_B0_F3_same_subset,False,secondary_window_or_sensor_sensitivity,3.0002276090776507,44
landsat_3d,3d,landsat,O1_quality_only,B0_F3_same_subset,O1_quality_only,False,ridge_alpha_1,leave_one_year_out,184,15,15,2.437606429324992,2.4652230516334064,-0.027616622308414218,1.7852949475167825,1.8043508799694206,-0.019055932452638036,0.6802090302272603,0.6729219026652669,-0.007287127561993456,-0.014814014391622063,-0.016794921145074557,0.001980906753452494,False,False,-0.03366854436729838,-0.04459229991415414,optical_no_improvement,3,candidate_minus_B0_F3_same_subset,False,secondary_window_or_sensor_sensitivity,3.000276166223084,45
landsat_3d,3d,landsat,O1_quality_only,B0_F3_same_subset,O1_quality_only,False,ridge_alpha_0.1,leave_one_year_out,184,15,15,2.437606429324992,2.4682401412156274,-0.03063371189063524,1.7852949475167825,1.8136367584706856,-0.02834181095390309,0.6802090302272603,0.6721208167052047,-0.008088213522055576,-0.014814014391622063,-0.018852360677712007,0.004038346286089943,False,False,-0.04408933313493302,-0.05616385406561908,optical_no_improvement,3,candidate_minus_B0_F3_same_subset,False,secondary_window_or_sensor_sensitivity,3.0003063371189063,46
landsat_3d,3d,landsat,O1_quality_only,B0_F3_same_subset,O1_quality_only,False,linear_regression,leave_one_year_out,184,15,15,2.437606429324992,2.46878113822844,-0.03117470890344798,1.7852949475167825,1.8148445568632214,-0.02954960934643891,0.6802090302272603,0.6719770696724002,-0.008231960554860085,-0.014814014391622063,-0.019094453750668563,0.0042804393590465,False,False,-0.04564908793779798,-0.05824664105701238,optical_no_improvement,3,candidate_minus_B0_F3_same_subset,False,secondary_window_or_sensor_sensitivity,3.0003117470890346,47
any_sensor_7d,7d,any_sensor,O3_bands,B0_F3_same_subset,O3_bands,True,ridge_alpha_1,leave_one_year_out,170,18,18,2.263345074633701,2.309303937173108,-0.04595886253940673,1.6792767022068023,1.7008893026927372,-0.02161260048593494,0.6775862127941421,0.6643595829840225,-0.013226629810119572,0.0005022982990480841,0.009680193181341987,0.009177894882293902,False,False,-0.10665178247226548,-0.07238761401369409,optical_no_improvement,3,candidate_minus_B0_F3_same_subset,False,secondary_window_or_sensor_sensitivity,3.000459588625394,48
any_sensor_7d,7d,any_sensor,O2_indices,B0_F3_same_subset,O2_indices,True,ridge_alpha_1,leave_one_year_out,170,18,18,2.263345074633701,2.319327967680686,-0.055982893046985005,1.6792767022068023,1.6991123743376888,-0.01983567213088655,0.6775862127941421,0.6614394200484437,-0.016146792745698413,0.0005022982990480841,-0.005960191472166685,0.005457893173118601,False,False,-0.061930236488105805,-0.027103718265384824,optical_no_improvement,3,candidate_minus_B0_F3_same_subset,False,secondary_window_or_sensor_sensitivity,3.00055982893047,49
any_sensor_7d,7d,any_sensor,O2_indices,B0_F3_same_subset,O2_indices,True,ridge_alpha_0.1,leave_one_year_out,170,18,18,2.263345074633701,2.3212638391889877,-0.05791876455528655,1.6792767022068023,1.7052616895576604,-0.02598498735085819,0.6775862127941421,0.6608740120381391,-0.016712200756002993,0.0005022982990480841,-0.007107916271491665,0.006605617972443581,False,False,-0.06348881514114701,-0.0339789539192632,optical_worse_than_baseline,4,candidate_minus_B0_F3_same_subset,False,secondary_window_or_sensor_sensitivity,4.0005791876455525,50
any_sensor_7d,7d,any_sensor,O2_indices,B0_F3_same_subset,O2_indices,True,linear_regression,leave_one_year_out,170,18,18,2.263345074633701,2.3217817155712503,-0.05843664093754919,1.6792767022068023,1.7064774455356921,-0.027200743328889887,0.6775862127941421,0.6607226764356022,-0.016863536358539877,0.0005022982990480841,-0.007240946866490741,0.006738648567442657,False,False,-0.0641793704476945,-0.03581375603485082,optical_worse_than_baseline,4,candidate_minus_B0_F3_same_subset,False,secondary_window_or_sensor_sensitivity,4.000584366409376,51
any_sensor_0d,0d,any_sensor,O4_bands_indices,B0_F3_same_subset,O4_bands_indices,True,ridge_alpha_1,leave_one_year_out,76,14,14,2.17759778043745,2.2554181574378984,-0.07782037700044864,1.5657523056902265,1.6629188956787049,-0.09716658998847838,0.7183303311559159,0.6978386600908193,-0.02049167106509664,0.05147850333818258,0.08500953830142215,0.033531034963239566,False,False,-0.26697552320328066,-0.18631707312290358,optical_worse_than_baseline,4,candidate_minus_B0_F3_same_subset,False,secondary_window_or_sensor_sensitivity,4.000778203770005,52
any_sensor_7d,7d,any_sensor,O3_bands,B0_F3_same_subset,O3_bands,True,ridge_alpha_10,leave_one_year_out,170,18,18,2.263345074633701,2.3453157229063866,-0.08197064827268541,1.6792767022068023,1.7743961503300236,-0.09511944812322137,0.6775862127941421,0.6538098633764342,-0.023776349417707898,0.0005022982990480841,0.007621701499229176,0.007119403200181092,False,False,-0.17829070475536657,-0.17237697684244546,optical_worse_than_baseline,4,candidate_minus_B0_F3_same_subset,False,secondary_window_or_sensor_sensitivity,4.0008197064827264,53
any_sensor_1d,1d,any_sensor,O2_indices,B0_F3_same_subset,O2_indices,True,ridge_alpha_1,leave_one_year_out,121,17,17,2.3233795658818632,2.4057765371524646,-0.08239697127060142,1.6949254598361052,1.73455738293384,-0.03963192309773489,0.6686350576684261,0.6447150603676775,-0.023919997300748674,0.03568413668415819,0.012638085830520056,-0.02304605085363813,False,False,-0.10230305363584957,-0.04359916208670267,optical_worse_than_baseline,4,candidate_minus_B0_F3_same_subset,False,secondary_window_or_sensor_sensitivity,4.000823969712706,54
landsat_3d,3d,landsat,O1_quality_only,B0_F3_same_subset,O1_quality_only,False,ridge_alpha_10,leave_one_year_out,184,15,15,2.437606429324992,2.52072268953852,-0.08311626021352803,1.7852949475167825,1.8204448451593225,-0.03514989764253995,0.6802090302272603,0.658029090214417,-0.02217994001284329,-0.014814014391622063,-0.003761037842795223,-0.01105297654882684,False,False,-0.07795968708198764,-0.04559224376511528,optical_worse_than_baseline,4,candidate_minus_B0_F3_same_subset,False,secondary_window_or_sensor_sensitivity,4.000831162602135,55
any_sensor_7d,7d,any_sensor,O5_sensor_aware_any_sensor,B0_F3_same_subset,O5_sensor_aware_any_sensor,True,ridge_alpha_1,leave_one_year_out,170,18,18,2.263345074633701,2.349661868463479,-0.08631679382977797,1.6792767022068023,1.7504338667898007,-0.07115716458299848,0.6775862127941421,0.652525612558496,-0.025060600235646158,0.0005022982990480841,-0.012373655616289272,0.011871357317241187,False,False,-0.23226303749045618,-0.1780771583094567,optical_worse_than_baseline,4,candidate_minus_B0_F3_same_subset,False,secondary_window_or_sensor_sensitivity,4.000863167938298,56
any_sensor_1d,1d,any_sensor,O2_indices,B0_F3_same_subset,O2_indices,True,ridge_alpha_0.1,leave_one_year_out,121,17,17,2.3233795658818632,2.4124620385511664,-0.08908247266930314,1.6949254598361052,1.7578812765139913,-0.06295581667788608,0.6686350576684261,0.6427376877645147,-0.02589736990391145,0.03568413668415819,0.01213991884495916,-0.02354421783919903,False,False,-0.10662337995943583,-0.047973107599030174,optical_worse_than_baseline,4,candidate_minus_B0_F3_same_subset,False,secondary_window_or_sensor_sensitivity,4.000890824726693,57
any_sensor_1d,1d,any_sensor,O2_indices,B0_F3_same_subset,O2_indices,True,linear_regression,leave_one_year_out,121,17,17,2.3233795658818632,2.413950942316562,-0.0905713764346987,1.6949254598361052,1.7612177607796968,-0.06629230094359162,0.6686350576684261,0.6422965671671375,-0.02633849050128867,0.03568413668415819,0.012104241258499264,-0.02357989542565892,False,False,-0.1078151263086835,-0.04985236548853211,optical_worse_than_baseline,4,candidate_minus_B0_F3_same_subset,False,secondary_window_or_sensor_sensitivity,4.000905713764347,58
any_sensor_7d,7d,any_sensor,O3_bands,B0_F3_same_subset,O3_bands,True,ridge_alpha_0.1,leave_one_year_out,170,18,18,2.263345074633701,2.35525199510337,-0.09190692046966875,1.6792767022068023,1.7315094320239073,-0.05223272981710503,0.6775862127941421,0.6508702795186961,-0.02671593327544597,0.0005022982990480841,0.025300078854379852,0.02479778055533177,False,False,-0.16043561516391858,-0.09851024441405798,optical_worse_than_baseline,4,candidate_minus_B0_F3_same_subset,False,secondary_window_or_sensor_sensitivity,4.000919069204697,59
landsat_3d,3d,landsat,O2_indices,B0_F3_same_subset,O2_indices,True,ridge_alpha_0.1,leave_one_year_out,97,14,14,2.357702331262671,2.4504143038037585,-0.09271197254108765,1.6966316818265599,1.7760694758423468,-0.07943779401578688,0.6944040071052393,0.6698975502824184,-0.024506456822820932,0.006913874876132399,-0.012216533313510813,0.005302658437378414,False,False,-0.1409150163544859,-0.13681708904270584,optical_worse_than_baseline,4,candidate_minus_B0_F3_same_subset,False,secondary_window_or_sensor_sensitivity,4.000927119725411,60
landsat_3d,3d,landsat,O2_indices,B0_F3_same_subset,O2_indices,True,linear_regression,leave_one_year_out,97,14,14,2.357702331262671,2.450999708236742,-0.09329737697407126,1.6966316818265599,1.7741036901736795,-0.07747200834711965,0.6944040071052393,0.669739808369102,-0.024664198736137344,0.006913874876132399,-0.01242822591994174,0.005514351043809341,False,False,-0.14475695050762782,-0.1382966684976703,optical_worse_than_baseline,4,candidate_minus_B0_F3_same_subset,False,secondary_window_or_sensor_sensitivity,4.000932973769741,61
any_sensor_7d,7d,any_sensor,O4_bands_indices,B0_F3_same_subset,O4_bands_indices,True,ridge_alpha_1,leave_one_year_out,170,18,18,2.263345074633701,2.359596840562066,-0.09625176592836482,1.6792767022068023,1.7312961241517537,-0.05201942194495146,0.6775862127941421,0.649580978971628,-0.028005233822514075,0.0005022982990480841,0.01092450910726206,0.010422210808213974,False,False,-0.16987409127986464,-0.10808662513007472,optical_worse_than_baseline,4,candidate_minus_B0_F3_same_subset,False,secondary_window_or_sensor_sensitivity,4.000962517659284,62
landsat_3d,3d,landsat,O2_indices,B0_F3_same_subset,O2_indices,True,ridge_alpha_1,leave_one_year_out,97,14,14,2.357702331262671,2.4555659798594345,-0.09786364859676366,1.6966316818265599,1.804785784053189,-0.10815410222662902,0.6944040071052393,0.6685080966638216,-0.025895910441417702,0.006913874876132399,-0.010042409293532135,0.003128534417399736,False,False,-0.12999721323179614,-0.14170085235955843,optical_worse_than_baseline,4,candidate_minus_B0_F3_same_subset,False,secondary_window_or_sensor_sensitivity,4.000978636485968,63
any_sensor_1d,1d,any_sensor,O3_bands,B0_F3_same_subset,O3_bands,True,ridge_alpha_1,leave_one_year_out,121,17,17,2.3233795658818632,2.4260360521261197,-0.1026564862442565,1.6949254598361052,1.7508980705197297,-0.05597261068362447,0.6686350576684261,0.6387060167950227,-0.029929040873403423,0.03568413668415819,0.057197385884099956,0.02151324919994177,False,False,-0.08164342448567785,-0.04539953401901342,optical_worse_than_baseline,4,candidate_minus_B0_F3_same_subset,False,secondary_window_or_sensor_sensitivity,4.001026564862443,64
any_sensor_7d,7d,any_sensor,O4_bands_indices,B0_F3_same_subset,O4_bands_indices,True,ridge_alpha_10,leave_one_year_out,170,18,18,2.263345074633701,2.3693804323488328,-0.10603535771513162,1.6792767022068023,1.7674058460540103,-0.08812914384720805,0.6775862127941421,0.6466690712327565,-0.030917141561385586,0.0005022982990480841,-0.0006885585201395034,0.0001862602210914193,False,False,-0.2003199926887853,-0.15506722486464586,optical_worse_than_baseline,4,candidate_minus_B0_F3_same_subset,False,secondary_window_or_sensor_sensitivity,4.001060353577151,65
any_sensor_7d,7d,any_sensor,O2_indices,B0_F3_same_subset,O2_indices,True,ridge_alpha_10,leave_one_year_out,170,18,18,2.263345074633701,2.3739438482515896,-0.11059877361788839,1.6792767022068023,1.7663818635038173,-0.08710516129701507,0.6775862127941421,0.6453067330527942,-0.03227947974134793,0.0005022982990480841,0.001520097681954195,0.0010177993829061107,False,False,-0.14717816184536758,-0.11090819224418746,optical_worse_than_baseline,4,candidate_minus_B0_F3_same_subset,False,secondary_window_or_sensor_sensitivity,4.001105987736179,66
any_sensor_7d,7d,any_sensor,O3_bands,B0_F3_same_subset,O3_bands,True,linear_regression,leave_one_year_out,170,18,18,2.263345074633701,2.3749903524242177,-0.11164527779051658,1.6792767022068023,1.7444617814488657,-0.0651850792420634,0.6775862127941421,0.6449939457057645,-0.03259226708837759,0.0005022982990480841,0.03337550095421855,0.032873202655170464,False,False,-0.1787196262294537,-0.11208479684758399,optical_worse_than_baseline,4,candidate_minus_B0_F3_same_subset,False,secondary_window_or_sensor_sensitivity,4.0011164527779055,67
any_sensor_0d,0d,any_sensor,O3_bands,B0_F3_same_subset,O3_bands,True,ridge_alpha_1,leave_one_year_out,76,14,14,2.17759778043745,2.2922158607250225,-0.1146180802875727,1.5657523056902265,1.6911009306678477,-0.12534862497762123,0.7183303311559159,0.6878985550784192,-0.030431776077496697,0.05147850333818258,0.11695254469334547,0.06547404135516288,False,False,-0.04886796745875044,-0.07547483906438024,optical_worse_than_baseline,4,candidate_minus_B0_F3_same_subset,False,secondary_window_or_sensor_sensitivity,4.001146180802876,68
any_sensor_7d,7d,any_sensor,O5_sensor_aware_any_sensor,B0_F3_same_subset,O5_sensor_aware_any_sensor,True,ridge_alpha_10,leave_one_year_out,170,18,18,2.263345074633701,2.3839047049381596,-0.12055963030445849,1.6792767022068023,1.7915771351207874,-0.11230043291398517,0.6775862127941421,0.642323965805617,-0.03526224698852509,0.0005022982990480841,-0.012822313826839632,0.012320015527791547,False,False,-0.24000308554091765,-0.1916865677407813,optical_worse_than_baseline,4,candidate_minus_B0_F3_same_subset,False,secondary_window_or_sensor_sensitivity,4.001205596303045,69
any_sensor_7d,7d,any_sensor,O5_sensor_aware_any_sensor,B0_F3_same_subset,O5_sensor_aware_any_sensor,True,ridge_alpha_0.1,leave_one_year_out,170,18,18,2.263345074633701,2.401435083671258,-0.13809000903755697,1.6792767022068023,1.8010955575032208,-0.12181885529641856,0.6775862127941421,0.6370441819990336,-0.04054203079510854,0.0005022982990480841,0.0020385028887953314,0.0015362045897472473,False,False,-0.27707018755918345,-0.2307601389668381,optical_worse_than_baseline,4,candidate_minus_B0_F3_same_subset,False,secondary_window_or_sensor_sensitivity,4.001380900090376,70
any_sensor_1d,1d,any_sensor,O3_bands,B0_F3_same_subset,O3_bands,True,ridge_alpha_10,leave_one_year_out,121,17,17,2.3233795658818632,2.482123081386581,-0.15874351550471788,1.6949254598361052,1.8050880309730208,-0.11016257113691563,0.6686350576684261,0.6218075500696689,-0.0468275075987572,0.03568413668415819,0.03624516235376376,0.0005610256696055721,False,False,-0.13017311555057232,-0.12562942828810808,optical_worse_than_baseline,4,candidate_minus_B0_F3_same_subset,False,secondary_window_or_sensor_sensitivity,4.001587435155047,71
any_sensor_1d,1d,any_sensor,O2_indices,B0_F3_same_subset,O2_indices,True,ridge_alpha_10,leave_one_year_out,121,17,17,2.3233795658818632,2.4881277025075756,-0.16474813662571242,1.6949254598361052,1.7834244573711824,-0.08849899753507717,0.6686350576684261,0.6199755303658363,-0.04865952730258982,0.03568413668415819,0.018681956473632806,-0.01700218021052538,False,False,-0.1669439443922216,-0.13070703370757175,optical_worse_than_baseline,4,candidate_minus_B0_F3_same_subset,False,secondary_window_or_sensor_sensitivity,4.001647481366257,72
any_sensor_1d,1d,any_sensor,O4_bands_indices,B0_F3_same_subset,O4_bands_indices,True,ridge_alpha_1,leave_one_year_out,121,17,17,2.3233795658818632,2.4921651864886276,-0.16878562060676439,1.6949254598361052,1.7680488271326278,-0.07312336729652258,0.6686350576684261,0.6187411985462072,-0.049893859122218887,0.03568413668415819,0.03877033661478504,0.003086199930626851,False,False,-0.23238463507253693,-0.13381775780580862,optical_worse_than_baseline,4,candidate_minus_B0_F3_same_subset,False,secondary_window_or_sensor_sensitivity,4.001687856206067,73
any_sensor_0d,0d,any_sensor,O4_bands_indices,B0_F3_same_subset,O4_bands_indices,True,ridge_alpha_0.1,leave_one_year_out,76,14,14,2.17759778043745,2.349942689872772,-0.17234490943532244,1.5657523056902265,1.7670491657343104,-0.20129686004408387,0.7183303311559159,0.671980777745171,-0.04634955341074498,0.05147850333818258,0.08387976151389255,0.03240125817570997,False,False,-0.3213344619700602,-0.2423136421935288,optical_worse_than_baseline,4,candidate_minus_B0_F3_same_subset,False,secondary_window_or_sensor_sensitivity,4.001723449094353,74
any_sensor_7d,7d,any_sensor,O5_sensor_aware_any_sensor,B0_F3_same_subset,O5_sensor_aware_any_sensor,True,linear_regression,leave_one_year_out,170,18,18,2.263345074633701,2.436769413322647,-0.17342433868894602,1.6792767022068023,1.8259511174592895,-0.14667441525248726,0.6775862127941421,0.6262846560503563,-0.05130155674378578,0.0005022982990480841,0.016173133059065908,0.015670834760017825,False,False,-0.2916913266154424,-0.25439555033367256,optical_worse_than_baseline,4,candidate_minus_B0_F3_same_subset,False,secondary_window_or_sensor_sensitivity,4.001734243386889,75
any_sensor_0d,0d,any_sensor,O5_sensor_aware_any_sensor,B0_F3_same_subset,O5_sensor_aware_any_sensor,True,ridge_alpha_1,leave_one_year_out,76,14,14,2.17759778043745,2.35480716741111,-0.17720938697366018,1.5657523056902265,1.7679933656212328,-0.20224105993100627,0.7183303311559159,0.6706213457318293,-0.047708985424086636,0.05147850333818258,0.056757049957214,0.005278546619031418,False,False,-0.43113950062413764,-0.3033455928360018,optical_worse_than_baseline,4,candidate_minus_B0_F3_same_subset,False,secondary_window_or_sensor_sensitivity,4.001772093869737,76
any_sensor_7d,7d,any_sensor,O4_bands_indices,B0_F3_same_subset,O4_bands_indices,True,ridge_alpha_0.1,leave_one_year_out,170,18,18,2.263345074633701,2.441567775315648,-0.178222700681947,1.6792767022068023,1.7831625931676152,-0.10388589096081291,0.6775862127941421,0.624811404578192,-0.05277480821595015,0.0005022982990480841,0.03838630868568179,0.03788401038663371,False,False,-0.2593487440273301,-0.16252882885776287,optical_worse_than_baseline,4,candidate_minus_B0_F3_same_subset,False,secondary_window_or_sensor_sensitivity,4.001782227006819,77
any_sensor_1d,1d,any_sensor,O5_sensor_aware_any_sensor,B0_F3_same_subset,O5_sensor_aware_any_sensor,True,ridge_alpha_1,leave_one_year_out,121,17,17,2.3233795658818632,2.5019811863578476,-0.17860162047598438,1.6949254598361052,1.8167530281994084,-0.12182756836330322,0.6686350576684261,0.6157319224241558,-0.05290313524427037,0.03568413668415819,0.03904937042138498,0.0033652337372267957,False,False,-0.18100030350401708,-0.11575595354213197,optical_worse_than_baseline,4,candidate_minus_B0_F3_same_subset,False,secondary_window_or_sensor_sensitivity,4.00178601620476,78
any_sensor_1d,1d,any_sensor,O4_bands_indices,B0_F3_same_subset,O4_bands_indices,True,ridge_alpha_10,leave_one_year_out,121,17,17,2.3233795658818632,2.5131321035602823,-0.18975253767841904,1.6949254598361052,1.7864456751502857,-0.09152021531418053,0.6686350576684261,0.6122990507634385,-0.056336006904987634,0.03568413668415819,0.016094096395039455,-0.019590040289118732,False,False,-0.22240586134650542,-0.1441520363574329,optical_worse_than_baseline,4,candidate_minus_B0_F3_same_subset,False,secondary_window_or_sensor_sensitivity,4.001897525376784,79
any_sensor_1d,1d,any_sensor,O3_bands,B0_F3_same_subset,O3_bands,True,ridge_alpha_0.1,leave_one_year_out,121,17,17,2.3233795658818632,2.53205103676123,-0.20867147087936688,1.6949254598361052,1.8177204728641585,-0.12279501302805329,0.6686350576684261,0.6064398307256561,-0.06219522694277002,0.03568413668415819,0.08772600349710727,0.05204186681294908,False,False,-0.19921607418882825,-0.12280094958587773,optical_worse_than_baseline,4,candidate_minus_B0_F3_same_subset,False,secondary_window_or_sensor_sensitivity,4.002086714708794,80
any_sensor_0d,0d,any_sensor,O2_indices,B0_F3_same_subset,O2_indices,True,ridge_alpha_10,leave_one_year_out,76,14,14,2.17759778043745,2.3875756490779954,-0.20997786864054557,1.5657523056902265,1.7313646155618987,-0.1656123098716722,0.7183303311559159,0.6613905810465764,-0.05693975010933949,0.05147850333818258,0.054183017270590106,0.002704513932407525,False,False,-0.3770806290796789,-0.2836700140028765,optical_worse_than_baseline,4,candidate_minus_B0_F3_same_subset,False,secondary_window_or_sensor_sensitivity,4.002099778686405,81
any_sensor_0d,0d,any_sensor,O3_bands,B0_F3_same_subset,O3_bands,True,ridge_alpha_0.1,leave_one_year_out,76,14,14,2.17759778043745,2.393475555264557,-0.21587777482710724,1.5657523056902265,1.8082772072395503,-0.24252490154932382,0.7183303311559159,0.6597150470125732,-0.058615284143342716,0.05147850333818258,0.11700790702894708,0.06552940369076449,False,False,-0.11055983445906747,-0.16279171017124616,optical_worse_than_baseline,4,candidate_minus_B0_F3_same_subset,False,secondary_window_or_sensor_sensitivity,4.002158777748271,82
any_sensor_1d,1d,any_sensor,O5_sensor_aware_any_sensor,B0_F3_same_subset,O5_sensor_aware_any_sensor,True,ridge_alpha_10,leave_one_year_out,121,17,17,2.3233795658818632,2.541385788028946,-0.21800622214708287,1.6949254598361052,1.8372917850363955,-0.14236632520029024,0.6686350576684261,0.6035326553231323,-0.06510240234529385,0.03568413668415819,0.022184856293996358,-0.013499280390161829,False,False,-0.2067341639364515,-0.13936490758620135,optical_worse_than_baseline,4,candidate_minus_B0_F3_same_subset,False,secondary_window_or_sensor_sensitivity,4.002180062221471,83
any_sensor_7d,7d,any_sensor,O4_bands_indices,B0_F3_same_subset,O4_bands_indices,True,linear_regression,leave_one_year_out,170,18,18,2.263345074633701,2.4855832482756677,-0.22223817364196652,1.6792767022068023,1.8067891510829188,-0.12751244887611657,0.6775862127941421,0.6111620125629407,-0.06642420023120144,0.0005022982990480841,0.05544832198671025,0.05494602368766217,False,False,-0.2966123218465122,-0.18525836075802138,optical_worse_than_baseline,4,candidate_minus_B0_F3_same_subset,False,secondary_window_or_sensor_sensitivity,4.00222238173642,84
landsat_3d,3d,landsat,O2_indices,B0_F3_same_subset,O2_indices,True,ridge_alpha_10,leave_one_year_out,97,14,14,2.357702331262671,2.593470278522886,-0.23576794726021522,1.6966316818265599,1.9558240444068942,-0.2591923625803343,0.6944040071052393,0.6302295004237449,-0.06417450668149438,0.006913874876132399,0.0057370193646537285,-0.0011768555114786703,False,False,-0.2694133329033459,-0.31748498816754056,optical_worse_than_baseline,4,candidate_minus_B0_F3_same_subset,False,secondary_window_or_sensor_sensitivity,4.002357679472603,85
any_sensor_1d,1d,any_sensor,O5_sensor_aware_any_sensor,B0_F3_same_subset,O5_sensor_aware_any_sensor,True,ridge_alpha_0.1,leave_one_year_out,121,17,17,2.3233795658818632,2.577853162124782,-0.254473596242919,1.6949254598361052,1.8899617560700004,-0.19503629623389518,0.6686350576684261,0.5920728794990735,-0.07656217816935262,0.03568413668415819,0.05795767181046084,0.022273535126302653,False,False,-0.2594117135480878,-0.17274012746414602,optical_worse_than_baseline,4,candidate_minus_B0_F3_same_subset,False,secondary_window_or_sensor_sensitivity,4.002544735962429,86
any_sensor_1d,1d,any_sensor,O3_bands,B0_F3_same_subset,O3_bands,True,linear_regression,leave_one_year_out,121,17,17,2.3233795658818632,2.5860000586974885,-0.2626204928156253,1.6949254598361052,1.8476154550380002,-0.15268999520189497,0.6686350576684261,0.5894904271284418,-0.07914463053998433,0.03568413668415819,0.10944487670992438,0.07376074002576619,False,False,-0.3067768854451458,-0.19643387477659102,optical_worse_than_baseline,4,candidate_minus_B0_F3_same_subset,False,secondary_window_or_sensor_sensitivity,4.0026262049281565,87
hls_3d,3d,hls,O1_quality_only,B0_F3_same_subset,O1_quality_only,False,ridge_alpha_100,leave_one_year_out,144,9,9,2.0151169919865994,2.283160885962977,-0.2680438939763774,1.4935761635294567,1.6868550151990078,-0.19327885166955117,0.4767210653910119,0.3282529729035504,-0.1484680924874615,0.012970390667598246,0.0224835613328376,0.009513170665239355,False,False,-0.3545062112538031,-0.2234156353090171,optical_worse_than_baseline,4,candidate_minus_B0_F3_same_subset,False,secondary_window_or_sensor_sensitivity,4.002680438939763,88
any_sensor_0d,0d,any_sensor,O5_sensor_aware_any_sensor,B0_F3_same_subset,O5_sensor_aware_any_sensor,True,ridge_alpha_0.1,leave_one_year_out,76,14,14,2.17759778043745,2.4463824461852304,-0.2687846657477806,1.5657523056902265,1.8796675416913518,-0.31391523600112525,0.7183303311559159,0.6445050330194539,-0.07382529813646199,0.05147850333818258,0.04838809335482799,-0.0030904099833545876,False,False,-0.5077252397281558,-0.3540298874374319,optical_worse_than_baseline,4,candidate_minus_B0_F3_same_subset,False,secondary_window_or_sensor_sensitivity,4.002687846657478,89
landsat_3d,3d,landsat,O3_bands,B0_F3_same_subset,O3_bands,True,ridge_alpha_1,leave_one_year_out,97,14,14,2.357702331262671,2.6285369918304102,-0.2708346605677394,1.6966316818265599,1.8712642210253487,-0.17463253919878885,0.6944040071052393,0.6201624499903609,-0.07424155711487845,0.006913874876132399,-0.10677821558024661,0.09986434070411421,False,False,-0.42831558648607215,-0.22409237906418666,optical_worse_than_baseline,4,candidate_minus_B0_F3_same_subset,False,secondary_window_or_sensor_sensitivity,4.002708346605678,90
any_sensor_0d,0d,any_sensor,O4_bands_indices,B0_F3_same_subset,O4_bands_indices,True,ridge_alpha_10,leave_one_year_out,76,14,14,2.17759778043745,2.451720614233922,-0.27412283379647207,1.5657523056902265,1.777639263379481,-0.21188695768925458,0.7183303311559159,0.6429519133740265,-0.07537841778188947,0.05147850333818258,0.0767883749601412,0.025309871621958614,False,False,-0.454383295533908,-0.3294957918315944,optical_worse_than_baseline,4,candidate_minus_B0_F3_same_subset,False,secondary_window_or_sensor_sensitivity,4.002741228337965,91
any_sensor_7d,7d,any_sensor,O1_quality_only,B0_F3_same_subset,O1_quality_only,False,ridge_alpha_100,leave_one_year_out,420,20,20,2.34449918257329,2.6232459331521265,-0.27874675057883636,1.763050043011407,1.9829021706267485,-0.21985212761534134,0.6045195518930306,0.5048886722581869,-0.09963087963484374,0.007856300920202586,0.00983950410844949,0.0019832031882469035,False,False,-0.32288273847761495,-0.25089680740225906,optical_worse_than_baseline,4,candidate_minus_B0_F3_same_subset,False,secondary_window_or_sensor_sensitivity,4.002787467505788,92
any_sensor_0d,0d,any_sensor,O4_bands_indices,B0_F3_same_subset,O4_bands_indices,True,linear_regression,leave_one_year_out,76,14,14,2.17759778043745,2.4684138318590567,-0.29081605142160694,1.5657523056902265,1.8611025050776289,-0.29535019938740237,0.7183303311559159,0.638073239605182,-0.0802570915507339,0.05147850333818258,0.06819279345324969,0.01671429011506711,False,False,-0.4405524817097426,-0.33863362311689316,optical_worse_than_baseline,4,candidate_minus_B0_F3_same_subset,False,secondary_window_or_sensor_sensitivity,4.002908160514216,93
any_sensor_1d,1d,any_sensor,O4_bands_indices,B0_F3_same_subset,O4_bands_indices,True,ridge_alpha_0.1,leave_one_year_out,121,17,17,2.3233795658818632,2.620115564703624,-0.2967359988217608,1.6949254598361052,1.8665942176716601,-0.1716687578355549,0.6686350576684261,0.5785877825458623,-0.09004727512256383,0.03568413668415819,0.07608745671332959,0.0404033200291714,False,False,-0.33444739831522163,-0.20392341115943435,optical_worse_than_baseline,4,candidate_minus_B0_F3_same_subset,False,secondary_window_or_sensor_sensitivity,4.002967359988218,94
any_sensor_0d,0d,any_sensor,O3_bands,B0_F3_same_subset,O3_bands,True,linear_regression,leave_one_year_out,76,14,14,2.17759778043745,2.4808151237401095,-0.3032173433026597,1.5657523056902265,1.8654170861833863,-0.2996647804931598,0.7183303311559159,0.6344274699384591,-0.08390286121745683,0.05147850333818258,0.09531157350280342,0.04383307016462084,False,False,-0.2221423986819997,-0.2138344080575696,optical_worse_than_baseline,4,candidate_minus_B0_F3_same_subset,False,secondary_window_or_sensor_sensitivity,4.003032173433026,95
any_sensor_1d,1d,any_sensor,O5_sensor_aware_any_sensor,B0_F3_same_subset,O5_sensor_aware_any_sensor,True,linear_regression,leave_one_year_out,121,17,17,2.3233795658818632,2.6352660397790415,-0.3118864738971783,1.6949254598361052,1.9294138812317831,-0.23448842139567794,0.6686350576684261,0.573700170391418,-0.09493488727700816,0.03568413668415819,0.08210437186754076,0.04642023518338257,False,False,-0.4390472592613657,-0.2874838210055304,optical_worse_than_baseline,4,candidate_minus_B0_F3_same_subset,False,secondary_window_or_sensor_sensitivity,4.003118864738972,96
any_sensor_0d,0d,any_sensor,O1_quality_only,B0_F3_same_subset,O1_quality_only,False,ridge_alpha_100,leave_one_year_out,188,18,18,2.3634854886754675,2.6833240108136556,-0.3198385221381881,1.7163647242293743,1.9918057867178165,-0.27544106248844225,0.5296926487012825,0.39379136195422526,-0.13590128674705726,0.011128397025863074,-0.0005440610038418984,-0.010584336022021176,False,False,-0.3970158067438603,-0.3156125518083137,optical_worse_than_baseline,4,candidate_minus_B0_F3_same_subset,False,secondary_window_or_sensor_sensitivity,4.003198385221382,97
any_sensor_1d,1d,any_sensor,O1_quality_only,B0_F3_same_subset,O1_quality_only,False,ridge_alpha_100,leave_one_year_out,297,18,18,2.370111148349822,2.698595342357241,-0.328484194007419,1.745991439304445,1.980604166943089,-0.23461272763864405,0.5787545569141415,0.45389855894417763,-0.12485599796996383,0.0018272671991080996,0.0046286454577910575,0.002801378258682958,False,False,-0.36273786419759313,-0.2452787925795299,optical_worse_than_baseline,4,candidate_minus_B0_F3_same_subset,False,secondary_window_or_sensor_sensitivity,4.003284841940074,98
any_sensor_0d,0d,any_sensor,O3_bands,B0_F3_same_subset,O3_bands,True,ridge_alpha_10,leave_one_year_out,76,14,14,2.17759778043745,2.514553050076787,-0.3369552696393372,1.5657523056902265,1.8233860483461621,-0.25763374265593564,0.7183303311559159,0.6244166271545696,-0.09391370400134635,0.05147850333818258,0.10808038484071616,0.056601881502533584,False,False,-0.3567137379372771,-0.30489971554926676,optical_worse_than_baseline,4,candidate_minus_B0_F3_same_subset,False,secondary_window_or_sensor_sensitivity,4.003369552696394,99
any_sensor_0d,0d,any_sensor,O5_sensor_aware_any_sensor,B0_F3_same_subset,O5_sensor_aware_any_sensor,True,ridge_alpha_10,leave_one_year_out,76,14,14,2.17759778043745,2.517386649896722,-0.3397888694592721,1.5657523056902265,1.856433404908467,-0.2906810992182405,0.7183303311559159,0.6235696753510357,-0.09476065580488024,0.05147850333818258,0.06812715711613399,0.016648653777951404,False,False,-0.5284929140520482,-0.4032523283896816,optical_worse_than_baseline,4,candidate_minus_B0_F3_same_subset,False,secondary_window_or_sensor_sensitivity,4.003397888694593,100
any_sensor_0d,0d,any_sensor,O5_sensor_aware_any_sensor,B0_F3_same_subset,O5_sensor_aware_any_sensor,True,linear_regression,leave_one_year_out,76,14,14,2.17759778043745,2.536808246389622,-0.35921046595217243,1.5657523056902265,1.8920861804538198,-0.3263338747635933,0.7183303311559159,0.6177389623579064,-0.10059136879800956,0.05147850333818258,0.014880173168758493,-0.036598330169424084,False,False,-0.5679122941984973,-0.4360083877455154,optical_worse_than_baseline,4,candidate_minus_B0_F3_same_subset,False,secondary_window_or_sensor_sensitivity,4.003592104659521,101
any_sensor_1d,1d,any_sensor,O4_bands_indices,B0_F3_same_subset,O4_bands_indices,True,linear_regression,leave_one_year_out,121,17,17,2.3233795658818632,2.6865633525045376,-0.36318378662267436,1.6949254598361052,1.9142742665678554,-0.21934880673175017,0.6686350576684261,0.5569421856472334,-0.11169287202119271,0.03568413668415819,0.10591204964698948,0.07022791296283129,False,False,-0.42660161021598464,-0.24054542371234766,optical_worse_than_baseline,4,candidate_minus_B0_F3_same_subset,False,secondary_window_or_sensor_sensitivity,4.003631837866227,102
landsat_3d,3d,landsat,O3_bands,B0_F3_same_subset,O3_bands,True,ridge_alpha_0.1,leave_one_year_out,97,14,14,2.357702331262671,2.7786143136705714,-0.4209119824079006,1.6966316818265599,1.9195415380334997,-0.22290985620693982,0.6944040071052393,0.5755502846742322,-0.11885372243100711,0.006913874876132399,-0.1421953807163956,0.1352815058402632,False,False,-0.6142306213335216,-0.2846634893438802,optical_worse_than_baseline,4,candidate_minus_B0_F3_same_subset,False,secondary_window_or_sensor_sensitivity,4.004209119824079,103
landsat_3d,3d,landsat,O3_bands,B0_F3_same_subset,O3_bands,True,ridge_alpha_10,leave_one_year_out,97,14,14,2.357702331262671,2.7912450009464798,-0.43354266968380895,1.6966316818265599,1.972615521910391,-0.27598384008383103,0.6944040071052393,0.5716826903186008,-0.12272131678663856,0.006913874876132399,-0.07023750379181133,0.06332362891567893,False,False,-0.6005779956337287,-0.4062093932310584,optical_worse_than_baseline,4,candidate_minus_B0_F3_same_subset,False,secondary_window_or_sensor_sensitivity,4.004335426696838,104
landsat_3d,3d,landsat,O3_bands,B0_F3_same_subset,O3_bands,True,linear_regression,leave_one_year_out,97,14,14,2.357702331262671,2.875569755137846,-0.5178674238751753,1.6966316818265599,1.9614783003211413,-0.26484661849458146,0.6944040071052393,0.5454124642909579,-0.1489915428142814,0.006913874876132399,-0.16231395209315228,0.15540007721701987,False,False,-0.7699294523968856,-0.3608063263605017,optical_worse_than_baseline,4,candidate_minus_B0_F3_same_subset,False,secondary_window_or_sensor_sensitivity,4.005178674238752,105
any_sensor_7d,7d,any_sensor,O2_indices,B0_F3_same_subset,O2_indices,True,ridge_alpha_100,leave_one_year_out,170,18,18,2.263345074633701,2.828964440939453,-0.5656193663057518,1.6792767022068023,2.180491265197945,-0.5012145629911426,0.6775862127941421,0.49630569894757837,-0.18128051384656374,0.0005022982990480841,0.012246457912168215,0.01174415961312013,False,False,-0.6622894331139357,-0.5815675413339276,optical_worse_than_baseline,4,candidate_minus_B0_F3_same_subset,False,secondary_window_or_sensor_sensitivity,4.005656193663057,106
any_sensor_7d,7d,any_sensor,O4_bands_indices,B0_F3_same_subset,O4_bands_indices,True,ridge_alpha_100,leave_one_year_out,170,18,18,2.263345074633701,2.8435392457739943,-0.5801941711402931,1.6792767022068023,2.209641800069348,-0.5303650978625458,0.6775862127941421,0.4911022704055058,-0.1864839423886363,0.0005022982990480841,0.01237804408893297,0.011875745789884885,False,False,-0.7084150509245535,-0.6472099390441297,optical_worse_than_baseline,4,candidate_minus_B0_F3_same_subset,False,secondary_window_or_sensor_sensitivity,4.005801941711403,107
any_sensor_7d,7d,any_sensor,O5_sensor_aware_any_sensor,B0_F3_same_subset,O5_sensor_aware_any_sensor,True,ridge_alpha_100,leave_one_year_out,170,18,18,2.263345074633701,2.871384904707383,-0.608039830073682,1.6792767022068023,2.2422510477553343,-0.5629743455485321,0.6775862127941421,0.4810865998673367,-0.1964996129268054,0.0005022982990480841,0.0011315929118430866,0.0006292946127950024,False,False,-0.7287052483212695,-0.6682648015157913,optical_worse_than_baseline,4,candidate_minus_B0_F3_same_subset,False,secondary_window_or_sensor_sensitivity,4.006080398300737,108
any_sensor_7d,7d,any_sensor,O3_bands,B0_F3_same_subset,O3_bands,True,ridge_alpha_100,leave_one_year_out,170,18,18,2.263345074633701,2.8859342421506495,-0.6225891675169484,1.6792767022068023,2.2843435246137522,-0.60506682240695,0.6775862127941421,0.47581459768830536,-0.20177161510583674,0.0005022982990480841,0.01836408606134728,0.017861787762299196,False,False,-0.7615630489907863,-0.7312851182025102,optical_worse_than_baseline,4,candidate_minus_B0_F3_same_subset,False,secondary_window_or_sensor_sensitivity,4.00622589167517,109
landsat_3d,3d,landsat,O1_quality_only,B0_F3_same_subset,O1_quality_only,False,ridge_alpha_100,leave_one_year_out,184,15,15,2.437606429324992,3.096943244381495,-0.6593368150565029,1.7852949475167825,2.3251572445133735,-0.5398622969965909,0.6802090302272603,0.48381483911308376,-0.19639419111417655,-0.014814014391622063,0.015753055106071452,0.0009390407144493889,False,False,-0.6658037768417366,-0.5687066667856147,optical_worse_than_baseline,4,candidate_minus_B0_F3_same_subset,False,secondary_window_or_sensor_sensitivity,4.006593368150565,110
landsat_3d,3d,landsat,O4_bands_indices,B0_F3_same_subset,O4_bands_indices,True,ridge_alpha_10,leave_one_year_out,97,14,14,2.357702331262671,3.069133941235724,-0.7114316099730531,1.6966316818265599,2.083958703431663,-0.38732702160510324,0.6944040071052393,0.4821530847383665,-0.21225092236687282,0.006913874876132399,-0.1419575608451872,0.1350436859690548,False,False,-0.8474756940868327,-0.5141044525763108,optical_worse_than_baseline,4,candidate_minus_B0_F3_same_subset,False,secondary_window_or_sensor_sensitivity,4.007114316099731,111
landsat_3d,3d,landsat,O4_bands_indices,B0_F3_same_subset,O4_bands_indices,True,ridge_alpha_1,leave_one_year_out,97,14,14,2.357702331262671,3.0729828980186227,-0.7152805667559519,1.6966316818265599,2.00062092027545,-0.30398923844889025,0.6944040071052393,0.4808534215510528,-0.2135505855541865,0.006913874876132399,-0.1829682907536645,0.1760544158775321,False,False,-0.8464360233767612,-0.3992441590604474,optical_worse_than_baseline,4,candidate_minus_B0_F3_same_subset,False,secondary_window_or_sensor_sensitivity,4.00715280566756,112
any_sensor_1d,1d,any_sensor,O2_indices,B0_F3_same_subset,O2_indices,True,ridge_alpha_100,leave_one_year_out,121,17,17,2.3233795658818632,3.0456681019556546,-0.7222885360737914,1.6949254598361052,2.292306513943517,-0.5973810541074118,0.6686350576684261,0.4305817556091066,-0.23805330205931952,0.03568413668415819,0.02238157834289985,-0.013302558341258337,False,False,-0.6961280103935552,-0.5782556122599705,optical_worse_than_baseline,4,candidate_minus_B0_F3_same_subset,False,secondary_window_or_sensor_sensitivity,4.007222885360738,113
any_sensor_1d,1d,any_sensor,O4_bands_indices,B0_F3_same_subset,O4_bands_indices,True,ridge_alpha_100,leave_one_year_out,121,17,17,2.3233795658818632,3.0712385270156664,-0.7478589611338031,1.6949254598361052,2.3236925897926506,-0.6287671299565454,0.6686350576684261,0.42098032324363466,-0.24765473442479147,0.03568413668415819,0.01926675291600229,-0.016417383768155897,False,False,-0.7160562340773704,-0.5945584309896221,optical_worse_than_baseline,4,candidate_minus_B0_F3_same_subset,False,secondary_window_or_sensor_sensitivity,4.007478589611338,114
any_sensor_1d,1d,any_sensor,O5_sensor_aware_any_sensor,B0_F3_same_subset,O5_sensor_aware_any_sensor,True,ridge_alpha_100,leave_one_year_out,121,17,17,2.3233795658818632,3.0976586139491338,-0.7742790480672705,1.6949254598361052,2.3482120010234007,-0.6532865411872955,0.6686350576684261,0.41097553272993903,-0.2576595249384871,0.03568413668415819,0.016624879875839552,-0.019059256808318634,False,False,-0.7314298582013179,-0.6106514913653502,optical_worse_than_baseline,4,candidate_minus_B0_F3_same_subset,False,secondary_window_or_sensor_sensitivity,4.007742790480672,115
any_sensor_1d,1d,any_sensor,O3_bands,B0_F3_same_subset,O3_bands,True,ridge_alpha_100,leave_one_year_out,121,17,17,2.3233795658818632,3.136174394259833,-0.8127948283779696,1.6949254598361052,2.4054459078890718,-0.7105204480529665,0.6686350576684261,0.3962368017001253,-0.2723982559683008,0.03568413668415819,0.023694699385343833,-0.011989437298814354,False,False,-0.7411220240507506,-0.6667265208620281,optical_worse_than_baseline,4,candidate_minus_B0_F3_same_subset,False,secondary_window_or_sensor_sensitivity,4.0081279482837795,116
landsat_3d,3d,landsat,O4_bands_indices,B0_F3_same_subset,O4_bands_indices,True,ridge_alpha_0.1,leave_one_year_out,97,14,14,2.357702331262671,3.2371582935960888,-0.8794559623334179,1.6966316818265599,2.0767423595603414,-0.3801106777337815,0.6944040071052393,0.42390038847840883,-0.2705036186268305,0.006913874876132399,-0.19933212539419384,0.19241825051806144,False,False,-0.9312463102713884,-0.49812163592226266,optical_worse_than_baseline,4,candidate_minus_B0_F3_same_subset,False,secondary_window_or_sensor_sensitivity,4.008794559623334,117
landsat_3d,3d,landsat,O2_indices,B0_F3_same_subset,O2_indices,True,ridge_alpha_100,leave_one_year_out,97,14,14,2.357702331262671,3.2808092314775203,-0.9231069002148495,1.6966316818265599,2.5857906280160057,-0.8891589461894458,0.6944040071052393,0.4082589935678591,-0.2861450135373802,0.006913874876132399,0.023605505240245815,0.016691630364113415,False,False,-1.042573849749468,-1.0411398492392516,optical_worse_than_baseline,4,candidate_minus_B0_F3_same_subset,False,secondary_window_or_sensor_sensitivity,4.009231069002149,118
landsat_3d,3d,landsat,O4_bands_indices,B0_F3_same_subset,O4_bands_indices,True,linear_regression,leave_one_year_out,97,14,14,2.357702331262671,3.374077599933199,-1.016375268670528,1.6966316818265599,2.155523000066141,-0.45889131823958107,0.6944040071052393,0.37413618547199967,-0.32026782163323964,0.006913874876132399,-0.22350804705056518,0.21659417217443278,False,False,-1.1253558212270396,-0.6283662858581778,optical_worse_than_baseline,4,candidate_minus_B0_F3_same_subset,False,secondary_window_or_sensor_sensitivity,4.010163752686705,119
landsat_3d,3d,landsat,O4_bands_indices,B0_F3_same_subset,O4_bands_indices,True,ridge_alpha_100,leave_one_year_out,97,14,14,2.357702331262671,3.387323857943768,-1.029621526681097,1.6966316818265599,2.623419495765123,-0.926787813938563,0.6944040071052393,0.3692123941071658,-0.32519161299807353,0.006913874876132399,-0.04841931913818447,0.04150544426205208,False,False,-1.1685425266823528,-1.1056401958715236,optical_worse_than_baseline,4,candidate_minus_B0_F3_same_subset,False,secondary_window_or_sensor_sensitivity,4.010296215266811,120
any_sensor_0d,0d,any_sensor,O2_indices,B0_F3_same_subset,O2_indices,True,ridge_alpha_100,leave_one_year_out,76,14,14,2.17759778043745,3.2077514328129357,-1.030153652375486,1.5657523056902265,2.3322062056268376,-0.7664538999366111,0.7183303311559159,0.38879602777421673,-0.3295343033816992,0.05147850333818258,0.05003475533708875,-0.001443748001093828,False,False,-1.1122292594347067,-0.8335873970805587,optical_worse_than_baseline,4,candidate_minus_B0_F3_same_subset,False,secondary_window_or_sensor_sensitivity,4.010301536523754,121
landsat_3d,3d,landsat,O3_bands,B0_F3_same_subset,O3_bands,True,ridge_alpha_100,leave_one_year_out,97,14,14,2.357702331262671,3.4031594746000455,-1.0454571433373747,1.6966316818265599,2.6418979550771087,-0.9452662732505488,0.6944040071052393,0.3633007895268533,-0.331103217578386,0.006913874876132399,-0.029245899325964036,0.022332024449831636,False,False,-1.1598376348367951,-1.089286217573401,optical_worse_than_baseline,4,candidate_minus_B0_F3_same_subset,False,secondary_window_or_sensor_sensitivity,4.010454571433374,122
any_sensor_0d,0d,any_sensor,O4_bands_indices,B0_F3_same_subset,O4_bands_indices,True,ridge_alpha_100,leave_one_year_out,76,14,14,2.17759778043745,3.247750080558539,-1.070152300121089,1.5657523056902265,2.3882510389156826,-0.8224987332254561,0.7183303311559159,0.37345833447159116,-0.3448719966843248,0.05147850333818258,0.07171868052763904,0.020240177189456456,False,False,-1.1435387066816909,-0.8655153505130078,optical_worse_than_baseline,4,candidate_minus_B0_F3_same_subset,False,secondary_window_or_sensor_sensitivity,4.010701523001211,123
any_sensor_0d,0d,any_sensor,O5_sensor_aware_any_sensor,B0_F3_same_subset,O5_sensor_aware_any_sensor,True,ridge_alpha_100,leave_one_year_out,76,14,14,2.17759778043745,3.26530578374446,-1.0877080033070103,1.5657523056902265,2.412801753502905,-0.8470494478126784,0.7183303311559159,0.3666664891655683,-0.3516638419903476,0.05147850333818258,0.0652619882824812,0.013783484944298617,False,False,-1.1508738062863935,-0.8805643212201275,optical_worse_than_baseline,4,candidate_minus_B0_F3_same_subset,False,secondary_window_or_sensor_sensitivity,4.01087708003307,124
any_sensor_0d,0d,any_sensor,O3_bands,B0_F3_same_subset,O3_bands,True,ridge_alpha_100,leave_one_year_out,76,14,14,2.17759778043745,3.3481417343799866,-1.1705439539425369,1.5657523056902265,2.488438301204502,-0.9226859955142757,0.7183303311559159,0.33412544195775085,-0.3842048891981651,0.05147850333818258,0.08575641481441233,0.03427791147622975,False,False,-1.2289960403195015,-0.9762747345974461,optical_worse_than_baseline,4,candidate_minus_B0_F3_same_subset,False,secondary_window_or_sensor_sensitivity,4.011705439539425,125
hls_3d,3d,hls,O2_indices,B0_F3_same_subset,O2_indices,True,ridge_alpha_10,leave_one_year_out,19,5,5,3.483266013725461,2.9377035344449607,0.5455624792805005,2.2569316462690074,2.187331836772764,0.06959980949624356,0.20738565083783478,0.43622660514827916,0.22884095431044438,-0.08897880061304043,0.7216936453975964,0.632714844784556,True,False,-0.6253351979125013,-0.3652445599310279,underpowered,5,candidate_minus_B0_F3_same_subset,False,secondary_window_or_sensor_sensitivity,4.994544375207195,126
hls_3d,3d,hls,O4_bands_indices,B0_F3_same_subset,O4_bands_indices,True,ridge_alpha_10,leave_one_year_out,19,5,5,3.483266013725461,2.945752713291313,0.5375133004341484,2.2569316462690074,2.1804870525448967,0.07644459372411072,0.20738565083783478,0.4331329439453442,0.2257472931075094,-0.08897880061304043,0.5216093742407546,0.4326305736277142,True,False,-0.7864818027847855,-0.5664666853447997,underpowered,5,candidate_minus_B0_F3_same_subset,False,secondary_window_or_sensor_sensitivity,4.994624866995658,127
sentinel2_3d,3d,sentinel2,O1_quality_only,B0_F3_same_subset,O1_quality_only,False,linear_regression,leave_one_year_out,46,7,7,2.080198905611186,1.9165021965059816,0.16369670910520417,1.5363007460598217,1.4462423384176015,0.09005840764222017,0.40437060467626906,0.49442564282588575,0.09005503814961668,-0.11839681404091579,-0.15216963879932568,0.0337728247584099,True,False,-0.009777498578304566,-0.03376167312200895,underpowered,5,candidate_minus_B0_F3_same_subset,False,secondary_window_or_sensor_sensitivity,4.998363032908948,128
sentinel2_3d,3d,sentinel2,O1_quality_only,B0_F3_same_subset,O1_quality_only,False,ridge_alpha_0.1,leave_one_year_out,46,7,7,2.080198905611186,1.920973499671913,0.1592254059392728,1.5363007460598217,1.4520096398830398,0.08429110617678193,0.40437060467626906,0.49206382633415113,0.08769322165788207,-0.11839681404091579,-0.15508030288650865,0.03668348884559286,True,False,-0.012774959813156794,-0.047341091559971016,underpowered,5,candidate_minus_B0_F3_same_subset,False,secondary_window_or_sensor_sensitivity,4.998407745940607,129
sentinel2_3d,3d,sentinel2,O1_quality_only,B0_F3_same_subset,O1_quality_only,False,ridge_alpha_1,leave_one_year_out,46,7,7,2.080198905611186,1.9933890061724502,0.08680989943873563,1.5363007460598217,1.5490239645319597,-0.012723218472137976,0.40437060467626906,0.45304636477788895,0.04867576010161989,-0.11839681404091579,-0.15918460093076361,0.04078778688984783,True,False,-0.07960650630643373,-0.178412976814317,underpowered,5,candidate_minus_B0_F3_same_subset,False,secondary_window_or_sensor_sensitivity,4.9991319010056126,130
hls_3d,3d,hls,O2_indices,B0_F3_same_subset,O2_indices,True,ridge_alpha_100,leave_one_year_out,19,5,5,3.483266013725461,3.557831102579202,-0.07456508885374102,2.2569316462690074,2.551256699467761,-0.2943250531987536,0.20738565083783478,0.17308798854665786,-0.03429766229117692,-0.08897880061304043,0.3960005422779215,0.30702174166488105,True,False,-0.09843057646219622,-0.30014691883457845,underpowered,5,candidate_minus_B0_F3_same_subset,False,secondary_window_or_sensor_sensitivity,5.000745650888537,131
hls_3d,3d,hls,O4_bands_indices,B0_F3_same_subset,O4_bands_indices,True,ridge_alpha_100,leave_one_year_out,19,5,5,3.483266013725461,3.579771538600564,-0.096505524875103,2.2569316462690074,2.637204712752258,-0.38027306648325077,0.20738565083783478,0.16285773808979587,-0.04452791274803891,-0.08897880061304043,0.2743421674297971,0.1853633668167567,True,False,-0.050715719088868294,-0.24540375586038232,underpowered,5,candidate_minus_B0_F3_same_subset,False,secondary_window_or_sensor_sensitivity,5.000965055248751,132
sentinel2_3d,3d,sentinel2,O1_quality_only,B0_F3_same_subset,O1_quality_only,False,ridge_alpha_10,leave_one_year_out,46,7,7,2.080198905611186,2.239019040174191,-0.15882013456300514,1.5363007460598217,1.7524339134823554,-0.21613316742253375,0.40437060467626906,0.3099477613182694,-0.09442284335799966,-0.11839681404091579,-0.10205736371195993,-0.016339450328955854,True,False,-0.35071094384445267,-0.40078751784110556,underpowered,5,candidate_minus_B0_F3_same_subset,False,secondary_window_or_sensor_sensitivity,5.00158820134563,133
hls_3d,3d,hls,O3_bands,B0_F3_same_subset,O3_bands,True,ridge_alpha_1,leave_one_year_out,19,5,5,3.483266013725461,3.6446937624559625,-0.16142774873050136,2.2569316462690074,2.419622704501084,-0.16269105823207664,0.20738565083783478,0.13221780991562893,-0.07516784092220585,-0.08897880061304043,-0.15781999469529798,0.06884119408225754,True,False,-0.0727333581667513,-0.13243676057633813,underpowered,5,candidate_minus_B0_F3_same_subset,False,secondary_window_or_sensor_sensitivity,5.001614277487305,134
hls_3d,3d,hls,O3_bands,B0_F3_same_subset,O3_bands,True,ridge_alpha_10,leave_one_year_out,19,5,5,3.483266013725461,3.680272352151788,-0.19700633842632698,2.2569316462690074,2.650874022647938,-0.3939423763789307,0.20738565083783478,0.11519297165948561,-0.09219267917834917,-0.08897880061304043,0.04524077508280561,-0.04373802553023483,True,False,0.19414639669358458,-0.13022326445882593,underpowered,5,candidate_minus_B0_F3_same_subset,False,secondary_window_or_sensor_sensitivity,5.001970063384263,135
sentinel2_3d,3d,sentinel2,O2_indices,B0_F3_same_subset,O2_indices,True,ridge_alpha_10,leave_one_year_out,36,6,6,2.291295317819455,2.533974409044486,-0.24267909122503095,1.8202263331882125,1.9947511851631679,-0.17452485197495538,0.3358447081252718,0.18770842044952152,-0.14813628767575027,-0.009338698473123205,0.15908989512406538,0.14975119665094216,True,False,-0.14359737237820314,-0.08183727150905251,underpowered,5,candidate_minus_B0_F3_same_subset,False,secondary_window_or_sensor_sensitivity,5.00242679091225,136
sentinel2_3d,3d,sentinel2,O3_bands,B0_F3_same_subset,O3_bands,True,ridge_alpha_1,leave_one_year_out,36,6,6,2.291295317819455,2.5367394609006566,-0.24544414308120155,1.8202263331882125,2.03610113165446,-0.21587479846624769,0.3358447081252718,0.18593472158696478,-0.149909986538307,-0.009338698473123205,0.05580604446621611,0.04646734599309291,True,False,-0.12247796738189543,-0.05114600334582775,underpowered,5,candidate_minus_B0_F3_same_subset,False,secondary_window_or_sensor_sensitivity,5.002454441430812,137
sentinel2_3d,3d,sentinel2,O2_indices,B0_F3_same_subset,O2_indices,True,ridge_alpha_1,leave_one_year_out,36,6,6,2.291295317819455,2.5571489194481387,-0.26585360162868366,1.8202263331882125,2.060399514020213,-0.24017318083200045,0.3358447081252718,0.1727828242653271,-0.1630618838599447,-0.009338698473123205,-0.17597730349615995,0.16663860502303673,True,False,-0.14955226555943302,-0.13095245532367294,underpowered,5,candidate_minus_B0_F3_same_subset,False,secondary_window_or_sensor_sensitivity,5.002658536016287,138
sentinel2_3d,3d,sentinel2,O3_bands,B0_F3_same_subset,O3_bands,True,ridge_alpha_10,leave_one_year_out,36,6,6,2.291295317819455,2.577936789973763,-0.286641472154308,1.8202263331882125,2.038504836401581,-0.2182785032133685,0.3358447081252718,0.15927873804705006,-0.17656597007822172,-0.009338698473123205,0.040743036999892596,0.03140433852676939,True,False,-0.1556747395057383,-0.12118304325729512,underpowered,5,candidate_minus_B0_F3_same_subset,False,secondary_window_or_sensor_sensitivity,5.002866414721543,139
sentinel2_3d,3d,sentinel2,O4_bands_indices,B0_F3_same_subset,O4_bands_indices,True,ridge_alpha_10,leave_one_year_out,36,6,6,2.291295317819455,2.648680868982211,-0.3573855511627557,1.8202263331882125,2.097641412348459,-0.2774150791602463,0.3358447081252718,0.11250324967217917,-0.2233414584530926,-0.009338698473123205,0.1782201297806304,0.16888143130750718,True,False,-0.1891330784358889,-0.1403510699318946,underpowered,5,candidate_minus_B0_F3_same_subset,False,secondary_window_or_sensor_sensitivity,5.003573855511627,140
sentinel2_3d,3d,sentinel2,O4_bands_indices,B0_F3_same_subset,O4_bands_indices,True,ridge_alpha_1,leave_one_year_out,36,6,6,2.291295317819455,2.6625515185157007,-0.37125620069624565,1.8202263331882125,2.108045844313192,-0.2878195111249795,0.3358447081252718,0.10318359962961876,-0.23266110849565302,-0.009338698473123205,-0.05840716152353217,0.04906846305040896,True,False,-0.001867464365139071,0.03216703253790154,underpowered,5,candidate_minus_B0_F3_same_subset,False,secondary_window_or_sensor_sensitivity,5.003712562006962,141
sentinel2_3d,3d,sentinel2,O3_bands,B0_F3_same_subset,O3_bands,True,ridge_alpha_0.1,leave_one_year_out,36,6,6,2.291295317819455,2.696874954379778,-0.40557963656032303,1.8202263331882125,2.1450402813646674,-0.3248139481764549,0.3358447081252718,0.079912517732594,-0.2559321903926778,-0.009338698473123205,0.10699542502057077,0.09765672654744757,True,False,-0.3436014438380517,-0.15837793325306193,underpowered,5,candidate_minus_B0_F3_same_subset,False,secondary_window_or_sensor_sensitivity,5.004055796365603,142
sentinel2_3d,3d,sentinel2,O2_indices,B0_F3_same_subset,O2_indices,True,ridge_alpha_100,leave_one_year_out,36,6,6,2.291295317819455,2.7060633479827434,-0.41476803016328834,1.8202263331882125,2.0661960714931538,-0.2459697383049413,0.3358447081252718,0.07363226528971278,-0.262212442835559,-0.009338698473123205,0.10518865614716566,0.09584995767404246,True,False,-0.3618441163682009,-0.18321312182386396,underpowered,5,candidate_minus_B0_F3_same_subset,False,secondary_window_or_sensor_sensitivity,5.0041476803016325,143
sentinel2_3d,3d,sentinel2,O1_quality_only,B0_F3_same_subset,O1_quality_only,False,ridge_alpha_100,leave_one_year_out,46,7,7,2.080198905611186,2.5420024933292056,-0.46180358771801977,1.5363007460598217,1.9313384834735088,-0.3950377374136871,0.40437060467626906,0.11055655244749674,-0.2938140522287723,-0.11839681404091579,-0.03164560849901482,-0.08675120554190097,True,False,-0.5203100905281315,-0.47352604473261484,underpowered,5,candidate_minus_B0_F3_same_subset,False,secondary_window_or_sensor_sensitivity,5.00461803587718,144
hls_3d,3d,hls,O3_bands,B0_F3_same_subset,O3_bands,True,ridge_alpha_100,leave_one_year_out,19,5,5,3.483266013725461,3.9452937123181453,-0.4620276985926841,2.2569316462690074,2.992736865205457,-0.7358052189364495,0.20738565083783478,-0.016827600965117373,-0.22421325180295215,-0.08897880061304043,0.15794917870366554,0.0689703780906251,True,False,-0.17400256526784474,-0.4049178681949903,underpowered,5,candidate_minus_B0_F3_same_subset,False,secondary_window_or_sensor_sensitivity,5.004620276985927,145
sentinel2_3d,3d,sentinel2,O3_bands,B0_F3_same_subset,O3_bands,True,ridge_alpha_100,leave_one_year_out,36,6,6,2.291295317819455,2.7634839604561265,-0.4721886426366715,1.8202263331882125,2.14552444673798,-0.32529811354976745,0.3358447081252718,0.03390152055918172,-0.30194318756609007,-0.009338698473123205,0.04923442232151256,0.03989572384838935,True,False,-0.40244702511202934,-0.23185993132295235,underpowered,5,candidate_minus_B0_F3_same_subset,False,secondary_window_or_sensor_sensitivity,5.004721886426367,146
sentinel2_3d,3d,sentinel2,O4_bands_indices,B0_F3_same_subset,O4_bands_indices,True,ridge_alpha_100,leave_one_year_out,36,6,6,2.291295317819455,2.777203294734469,-0.48590797691501386,1.8202263331882125,2.163552411905549,-0.34332607871733645,0.3358447081252718,0.024285305284306835,-0.31155940284096495,-0.009338698473123205,0.10254896199751366,0.09321026352439046,True,False,-0.40868285837402496,-0.24944664951400664,underpowered,5,candidate_minus_B0_F3_same_subset,False,secondary_window_or_sensor_sensitivity,5.00485907976915,147
hls_3d,3d,hls,O2_indices,B0_F3_same_subset,O2_indices,True,ridge_alpha_1,leave_one_year_out,19,5,5,3.483266013725461,4.259019455132102,-0.7757534414066409,2.2569316462690074,3.0438562811215557,-0.7869246348525483,0.20738565083783478,-0.18497146803482334,-0.3923571188726581,-0.08897880061304043,1.2624949078691838,1.1735161072561433,True,False,-2.206005885404501,-1.3480596776269191,underpowered,5,candidate_minus_B0_F3_same_subset,False,secondary_window_or_sensor_sensitivity,5.007757534414067,148
sentinel2_3d,3d,sentinel2,O2_indices,B0_F3_same_subset,O2_indices,True,ridge_alpha_0.1,leave_one_year_out,36,6,6,2.291295317819455,3.102065022637335,-0.8107697048178801,1.8202263331882125,2.421419567394753,-0.6011932342065407,0.3358447081252718,-0.21733272133146775,-0.5531774294567395,-0.009338698473123205,-0.4386254672918503,0.4292867688187271,True,False,-0.31055124605172946,-0.2857107010055062,underpowered,5,candidate_minus_B0_F3_same_subset,False,secondary_window_or_sensor_sensitivity,5.008107697048179,149
hls_3d,3d,hls,O4_bands_indices,B0_F3_same_subset,O4_bands_indices,True,ridge_alpha_1,leave_one_year_out,19,5,5,3.483266013725461,4.318457580374983,-0.835191566649522,2.2569316462690074,3.167707095270968,-0.9107754490019606,0.20738565083783478,-0.2182767651497135,-0.4256624159875483,-0.08897880061304043,1.377106923645934,1.2881281230328934,True,False,-2.5759770895754093,-1.6532241875716966,underpowered,5,candidate_minus_B0_F3_same_subset,False,secondary_window_or_sensor_sensitivity,5.008351915666495,150
sentinel2_3d,3d,sentinel2,O2_indices,B0_F3_same_subset,O2_indices,True,linear_regression,leave_one_year_out,36,6,6,2.291295317819455,3.260604166554987,-0.9693088487355319,1.8202263331882125,2.5214674430539623,-0.7012411098657498,0.3358447081252718,-0.3449423234721072,-0.680787031597379,-0.009338698473123205,-0.48663332566074025,0.47729462718761706,True,False,-0.35170455147053703,-0.3217061262149874,underpowered,5,candidate_minus_B0_F3_same_subset,False,secondary_window_or_sensor_sensitivity,5.009693088487356,151
sentinel2_3d,3d,sentinel2,O4_bands_indices,B0_F3_same_subset,O4_bands_indices,True,ridge_alpha_0.1,leave_one_year_out,36,6,6,2.291295317819455,3.284671390426481,-0.9933760726070258,1.8202263331882125,2.595381036684111,-0.7751547034958985,0.3358447081252718,-0.3648702188733881,-0.7007149269986599,-0.009338698473123205,-0.0262180280554897,0.016879329582366494,True,False,-0.18880781522245993,-0.08598985256007974,underpowered,5,candidate_minus_B0_F3_same_subset,False,secondary_window_or_sensor_sensitivity,5.00993376072607,152
hls_3d,3d,hls,O3_bands,B0_F3_same_subset,O3_bands,True,ridge_alpha_0.1,leave_one_year_out,19,5,5,3.483266013725461,4.701945017844704,-1.2186790041192426,2.2569316462690074,3.420581012603531,-1.1636493663345235,0.20738565083783478,-0.44425452993838976,-0.6516401807762245,-0.08897880061304043,0.4439377917479483,0.35495899113490786,True,False,-0.9189324222233299,-0.7419498043094643,underpowered,5,candidate_minus_B0_F3_same_subset,False,secondary_window_or_sensor_sensitivity,5.012186790041192,153
sentinel2_3d,3d,sentinel2,O3_bands,B0_F3_same_subset,O3_bands,True,linear_regression,leave_one_year_out,36,6,6,2.291295317819455,3.8015426170988618,-1.5102472992794067,1.8202263331882125,2.837004361028566,-1.0167780278403535,0.3358447081252718,-0.8282148366800817,-1.1640595448053535,-0.009338698473123205,0.4706930724253416,0.4613543739522184,True,False,-2.3850159839090073,-1.2244590145530354,underpowered,5,candidate_minus_B0_F3_same_subset,False,secondary_window_or_sensor_sensitivity,5.015102472992794,154
sentinel2_3d,3d,sentinel2,O4_bands_indices,B0_F3_same_subset,O4_bands_indices,True,linear_regression,leave_one_year_out,36,6,6,2.291295317819455,4.283883538685508,-1.992588220866053,1.8202263331882125,3.396968364082098,-1.5767420308938855,0.3358447081252718,-1.321575507566164,-1.6574202156914357,-0.009338698473123205,0.220239777065318,0.21090107859219479,True,False,-2.301050676900076,-1.3757263532804804,underpowered,5,candidate_minus_B0_F3_same_subset,False,secondary_window_or_sensor_sensitivity,5.0199258822086605,155
hls_3d,3d,hls,O2_indices,B0_F3_same_subset,O2_indices,True,ridge_alpha_0.1,leave_one_year_out,19,5,5,3.483266013725461,6.525081220794042,-3.0418152070685807,2.2569316462690074,3.877665392605824,-1.6207337463368168,0.20738565083783478,-1.7813810372623888,-1.9887666881002235,-0.08897880061304043,1.7308703688534546,1.641891568240414,True,False,-1.3425803006678434,-1.243828368067891,underpowered,5,candidate_minus_B0_F3_same_subset,False,secondary_window_or_sensor_sensitivity,5.030418152070686,156
hls_3d,3d,hls,O4_bands_indices,B0_F3_same_subset,O4_bands_indices,True,ridge_alpha_0.1,leave_one_year_out,19,5,5,3.483266013725461,6.999425859578571,-3.5161598458531103,2.2569316462690074,4.146766348146262,-1.889834701877255,0.20738565083783478,-2.2004679390922854,-2.40785358993012,-0.08897880061304043,1.9850813465506387,1.8961025459375982,True,False,-3.374637718573249,-2.603029493208514,underpowered,5,candidate_minus_B0_F3_same_subset,False,secondary_window_or_sensor_sensitivity,5.035161598458531,157
hls_3d,3d,hls,O3_bands,B0_F3_same_subset,O3_bands,True,linear_regression,leave_one_year_out,19,5,5,3.483266013725461,8.615769801483316,-5.132503787757854,2.2569316462690074,6.421032723369953,-4.164101077100945,0.20738565083783478,-3.8492750652185164,-4.056660716056351,-0.08897880061304043,-0.9726274568450831,0.8836486562320427,True,False,-45.31962772435515,-31.846029989323323,underpowered,5,candidate_minus_B0_F3_same_subset,False,secondary_window_or_sensor_sensitivity,5.051325037877579,158
hls_3d,3d,hls,O4_bands_indices,B0_F3_same_subset,O4_bands_indices,True,linear_regression,leave_one_year_out,19,5,5,3.483266013725461,9.817791830692954,-6.334525816967493,2.2569316462690074,6.23006298266014,-3.9731313363911327,0.20738565083783478,-5.296747586603703,-5.504133237441538,-0.08897880061304043,-0.3739846380724219,0.28500583745938146,True,False,-5.571098808775147,-4.736834705554937,underpowered,5,candidate_minus_B0_F3_same_subset,False,secondary_window_or_sensor_sensitivity,5.063345258169675,159
hls_3d,3d,hls,O2_indices,B0_F3_same_subset,O2_indices,True,linear_regression,leave_one_year_out,19,5,5,3.483266013725461,12.583763359617516,-9.100497345892055,2.2569316462690074,7.369956542002938,-5.113024895733931,0.20738565083783478,-9.34450540760499,-9.551891058442825,-0.08897880061304043,2.796805278452933,2.707826477839893,True,False,-0.912919706259741,-1.0271807436475076,underpowered,5,candidate_minus_B0_F3_same_subset,False,secondary_window_or_sensor_sensitivity,5.0910049734589204,160
